Gait cycle [%],Right Pelvic Obliquity,Pelvic Rotation,Pelvic Tilt,Right Pelvic Obliquity,Pelvic Rotation,Pelvic Tilt,Right Pelvic Obliquity,Pelvic Rotation,Pelvic Tilt,Right Pelvic Obliquity,Pelvic Rotation,Pelvic Tilt,Right Pelvic Obliquity,Pelvic Rotation,Pelvic Tilt,Right Pelvic Obliquity,Pelvic Rotation,Pelvic Tilt,Right Pelvic Obliquity,Pelvic Rotation,Pelvic Tilt,Right Pelvic Obliquity,Pelvic Rotation,Pelvic Tilt,Right Pelvic Obliquity,Pelvic Rotation,Pelvic Tilt,Right Pelvic Obliquity,Pelvic Rotation,Pelvic Tilt,Right Pelvic Obliquity,Pelvic Rotation,Pelvic Tilt,Right Pelvic Obliquity,Pelvic Rotation,Pelvic Tilt,Right Pelvic Obliquity,Pelvic Rotation,Pelvic Tilt,Right Pelvic Obliquity,Pelvic Rotation,Pelvic Tilt,Right Pelvic Obliquity,Pelvic Rotation,Pelvic Tilt,Right Pelvic Obliquity,Pelvic Rotation,Pelvic Tilt,Right Pelvic Obliquity,Pelvic Rotation,Pelvic Tilt,Right Pelvic Obliquity,Pelvic Rotation,Pelvic Tilt,Right Pelvic Obliquity,Pelvic Rotation,Pelvic Tilt,Right Pelvic Obliquity,Pelvic Rotation,Pelvic Tilt,Right Pelvic Obliquity,Pelvic Rotation,Pelvic Tilt,Right Pelvic Obliquity,Pelvic Rotation,Pelvic Tilt,Right Pelvic Obliquity,Pelvic Rotation,Pelvic Tilt,Right Pelvic Obliquity,Pelvic Rotation,Pelvic Tilt,Right Pelvic Obliquity,Pelvic Rotation,Pelvic Tilt,Right Pelvic Obliquity,Pelvic Rotation,Pelvic Tilt,Right Pelvic Obliquity,Pelvic Rotation,Pelvic Tilt,Right Pelvic Obliquity,Pelvic Rotation,Pelvic Tilt,Right Pelvic Obliquity,Pelvic Rotation,Pelvic Tilt,Right Pelvic Obliquity,Pelvic Rotation,Pelvic Tilt,Right Pelvic Obliquity,Pelvic Rotation,Pelvic Tilt,Right Pelvic Obliquity,Pelvic Rotation,Pelvic Tilt,Right Pelvic Obliquity,Pelvic Rotation,Pelvic Tilt,Right Pelvic Obliquity,Pelvic Rotation,Pelvic Tilt,Right Pelvic Obliquity,Pelvic Rotation,Pelvic Tilt,Right Pelvic Obliquity,Pelvic Rotation,Pelvic Tilt
 ,POST(-)/ANT(+) [º],ER(-)/IR(+) [º],DOWN(-)/UP(+) [º],POST(-)/ANT(+) [º],ER(-)/IR(+) [º],DOWN(-)/UP(+) [º],POST(-)/ANT(+) [º],ER(-)/IR(+) [º],DOWN(-)/UP(+) [º],POST(-)/ANT(+) [º],ER(-)/IR(+) [º],DOWN(-)/UP(+) [º],POST(-)/ANT(+) [º],ER(-)/IR(+) [º],DOWN(-)/UP(+) [º],POST(-)/ANT(+) [º],ER(-)/IR(+) [º],DOWN(-)/UP(+) [º],POST(-)/ANT(+) [º],ER(-)/IR(+) [º],DOWN(-)/UP(+) [º],POST(-)/ANT(+) [º],ER(-)/IR(+) [º],DOWN(-)/UP(+) [º],POST(-)/ANT(+) [º],ER(-)/IR(+) [º],DOWN(-)/UP(+) [º],POST(-)/ANT(+) [º],ER(-)/IR(+) [º],DOWN(-)/UP(+) [º],POST(-)/ANT(+) [º],ER(-)/IR(+) [º],DOWN(-)/UP(+) [º],POST(-)/ANT(+) [º],ER(-)/IR(+) [º],DOWN(-)/UP(+) [º],POST(-)/ANT(+) [º],ER(-)/IR(+) [º],DOWN(-)/UP(+) [º],POST(-)/ANT(+) [º],ER(-)/IR(+) [º],DOWN(-)/UP(+) [º],POST(-)/ANT(+) [º],ER(-)/IR(+) [º],DOWN(-)/UP(+) [º],POST(-)/ANT(+) [º],ER(-)/IR(+) [º],DOWN(-)/UP(+) [º],POST(-)/ANT(+) [º],ER(-)/IR(+) [º],DOWN(-)/UP(+) [º],POST(-)/ANT(+) [º],ER(-)/IR(+) [º],DOWN(-)/UP(+) [º],POST(-)/ANT(+) [º],ER(-)/IR(+) [º],DOWN(-)/UP(+) [º],POST(-)/ANT(+) [º],ER(-)/IR(+) [º],DOWN(-)/UP(+) [º],POST(-)/ANT(+) [º],ER(-)/IR(+) [º],DOWN(-)/UP(+) [º],POST(-)/ANT(+) [º],ER(-)/IR(+) [º],DOWN(-)/UP(+) [º],POST(-)/ANT(+) [º],ER(-)/IR(+) [º],DOWN(-)/UP(+) [º],POST(-)/ANT(+) [º],ER(-)/IR(+) [º],DOWN(-)/UP(+) [º],POST(-)/ANT(+) [º],ER(-)/IR(+) [º],DOWN(-)/UP(+) [º],POST(-)/ANT(+) [º],ER(-)/IR(+) [º],DOWN(-)/UP(+) [º],POST(-)/ANT(+) [º],ER(-)/IR(+) [º],DOWN(-)/UP(+) [º],POST(-)/ANT(+) [º],ER(-)/IR(+) [º],DOWN(-)/UP(+) [º],POST(-)/ANT(+) [º],ER(-)/IR(+) [º],DOWN(-)/UP(+) [º],POST(-)/ANT(+) [º],ER(-)/IR(+) [º],DOWN(-)/UP(+) [º],POST(-)/ANT(+) [º],ER(-)/IR(+) [º],DOWN(-)/UP(+) [º],POST(-)/ANT(+) [º],ER(-)/IR(+) [º],DOWN(-)/UP(+) [º],POST(-)/ANT(+) [º],ER(-)/IR(+) [º],DOWN(-)/UP(+) [º],POST(-)/ANT(+) [º],ER(-)/IR(+) [º],DOWN(-)/UP(+) [º],POST(-)/ANT(+) [º],ER(-)/IR(+) [º],DOWN(-)/UP(+) [º],POST(-)/ANT(+) [º],ER(-)/IR(+) [º],DOWN(-)/UP(+) [º]
1,-3.34282,6.67255,8.56819,-3.92325,4.81756,7.85247,-4.47104,6.20653,8.21896,-4.51154,4.82803,6.88949,-5.07465,5.08198,6.39055,-4.00276,3.61398,7.62449,-3.95652,3.69162,7.64027,-4.78977,2.39909,6.54423,-5.01638,3.90182,6.66188,-4.89731,4.22161,6.58842,-4.77042,5.803,5.68102,-3.60669,7.32618,4.818,-4.67619,4.74726,7.35013,-4.38665,3.95849,6.52692,-4.73758,4.06621,6.99596,-4.92415,5.42009,5.68473,-4.88214,4.05251,6.92132,-4.58681,2.34792,6.51823,-4.33525,5.09886,7.25591,-4.99918,4.11457,6.66415,-4.28329,5.53637,6.58451,-4.10344,3.77087,6.38063,-5.28164,4.83115,5.31242,-3.99331,7.02457,6.27337,-3.9902,5.00854,6.60388,-4.07136,4.18564,6.96959,-3.92902,6.69105,6.40377,-4.60267,4.83794,6.13592,-4.19494,2.32808,6.98563,-4.255,4.97844,7.20901,-4.39634,2.26413,7.07164,-3.3388,2.93519,7.32598,-4.03521,3.96261,6.83666,-4.87731,4.58927,6.54111,-4.30588,4.53007,6.55165,-4.56444,3.31649,7.18954
2,-3.25545,6.81644,8.47072,-3.90407,4.93937,7.69165,-4.42271,6.26095,8.14863,-4.46904,4.88867,6.70127,-5.03793,5.28453,6.29422,-3.92978,3.78557,7.50912,-3.91277,3.84173,7.5895,-4.74707,2.63034,6.5032,-4.96908,3.95596,6.52362,-4.86803,4.31266,6.50352,-4.71962,5.93462,5.58317,-3.60302,7.37318,4.713,-4.64666,4.92344,7.40692,-4.37661,4.07556,6.50985,-4.70814,4.16478,6.89277,-4.90563,5.55424,5.64373,-4.88326,4.23575,6.86782,-4.54211,2.51689,6.53619,-4.32931,5.22315,7.18542,-5.00989,4.16957,6.58405,-4.29792,5.64134,6.47396,-4.13397,3.84813,6.31375,-5.26759,5.04922,5.24736,-4.00052,7.20819,6.20173,-4.02076,5.23406,6.6011,-4.07541,4.40513,6.87081,-3.91266,6.79339,6.31463,-4.58462,4.97975,6.10803,-4.18153,2.62638,6.96592,-4.21145,5.11932,7.14527,-4.35087,2.40874,7.05486,-3.32086,3.23609,7.30487,-4.05979,4.18176,6.81468,-4.86976,4.81748,6.43528,-4.31427,4.80799,6.54154,-4.56743,3.5298,7.11457
3,-3.13753,6.93112,8.35127,-3.86274,5.04163,7.50956,-4.34986,6.29326,8.06214,-4.39923,4.92433,6.49451,-4.97123,5.4465,6.1829,-3.83635,3.94913,7.37885,-3.83681,3.96774,7.50284,-4.68191,2.84565,6.43626,-4.88475,3.97203,6.3561,-4.81147,4.35037,6.40396,-4.64486,6.04318,5.46913,-3.59366,7.39,4.58786,-4.5787,5.07687,7.42952,-4.34104,4.20153,6.47313,-4.64152,4.25215,6.75729,-4.86657,5.6573,5.58895,-4.8577,4.39988,6.8003,-4.4799,2.67777,6.54438,-4.30813,5.34788,7.09298,-5.00665,4.21861,6.49819,-4.29766,5.73157,6.34208,-4.14921,3.90139,6.23208,-5.23398,5.24101,5.16573,-3.98823,7.38109,6.10692,-4.03269,5.45133,6.58561,-4.06064,4.62525,6.74409,-3.87824,6.85232,6.19951,-4.54984,5.11007,6.05205,-4.14045,2.88919,6.92697,-4.15953,5.24228,7.07205,-4.27689,2.52664,7.02839,-3.28593,3.5381,7.26641,-4.0748,4.39981,6.78094,-4.84608,5.04043,6.31987,-4.30993,5.0733,6.52648,-4.54989,3.73371,7.04798
4,-2.9881,7.00678,8.21028,-3.79522,5.11928,7.30651,-4.25409,6.30485,7.96205,-4.30628,4.93868,6.2766,-4.87633,5.56596,6.05751,-3.72437,4.10033,7.23735,-3.72603,4.06213,7.37706,-4.59379,3.03713,6.3379,-4.76494,3.94776,6.16469,-4.72691,4.33417,6.28093,-4.54588,6.12693,5.33777,-3.57754,7.37613,4.43992,-4.47304,5.19976,7.40677,-4.27784,4.32831,6.40932,-4.53607,4.32279,6.58866,-4.80097,5.72275,5.5078,-4.80113,4.5345,6.71154,-4.39625,2.81909,6.52803,-4.26772,5.4662,6.96984,-4.99015,4.25728,6.39786,-4.27893,5.80015,6.18671,-4.14875,3.92964,6.12909,-5.17869,5.39667,5.06221,-3.9507,7.53588,5.98341,-4.02198,5.6503,6.55035,-4.02237,4.83796,6.58765,-3.82093,6.86291,6.04555,-4.49678,5.22061,5.96738,-4.0662,3.10457,6.86126,-4.09656,5.34283,6.97693,-4.17681,2.61197,6.98108,-3.22986,3.82377,7.20508,-4.07738,4.60426,6.72658,-4.80162,5.24694,6.18839,-4.2878,5.31244,6.5006,-4.51092,3.9197,6.98345
5,-2.8094,7.03977,8.05005,-3.70081,5.17,7.0857,-4.13925,6.29903,7.85333,-4.19782,4.93824,6.05766,-4.75865,5.64526,5.92226,-3.5982,4.23618,7.09073,-3.5823,4.12301,7.21396,-4.48621,3.20056,6.20622,-4.61711,3.88953,5.95819,-4.61797,4.27119,6.12977,-4.42604,6.18712,5.1918,-3.55431,7.33399,4.26943,-4.33455,5.28843,7.33224,-4.18662,4.44641,6.31407,-4.39501,4.37415,6.38947,-4.70662,5.75039,5.39261,-4.7131,4.63313,6.5968,-4.28936,2.93166,6.47514,-4.20524,5.57095,6.80974,-4.96289,4.28432,6.27771,-4.24007,5.84216,6.00819,-4.13353,3.93624,6.00254,-5.10283,5.51047,4.93371,-3.88539,7.66606,5.8284,-3.98827,5.8224,6.48979,-3.95872,5.0354,6.40249,-3.73822,6.82665,5.84552,-4.42624,5.30201,5.85512,-3.9584,3.26604,6.76446,-4.02136,5.41877,6.8499,-4.05666,2.66449,6.90415,-3.15045,4.07626,7.11604,-4.06562,4.78325,6.64542,-4.73362,5.42791,6.03577,-4.24433,5.512,6.45875,-4.45201,4.08173,6.91269
6,-2.60694,7.03479,7.8758,-3.5827,5.19594,6.8542,-4.01137,6.28088,7.74307,-4.08413,4.93154,5.8496,-4.62734,5.69098,5.78459,-3.46454,4.35539,6.94735,-3.41248,4.15515,7.02157,-4.36629,3.33698,6.04453,-4.45454,3.81224,5.74883,-4.49256,4.17625,5.95153,-4.29236,6.22779,5.03765,-3.52482,7.26904,4.08015,-4.17225,5.34456,7.2066,-4.06967,4.54688,6.1868,-4.22647,4.40902,6.16661,-4.5865,5.74809,5.24329,-4.59849,4.6957,6.45504,-4.16129,3.01111,6.3786,-4.12008,5.65717,6.61062,-4.92844,4.30252,6.13766,-4.18209,5.85674,5.81015,-4.10546,3.92913,5.85539,-5.01059,5.58324,4.78139,-3.79416,7.76809,5.64318,-3.93538,5.96305,6.40157,-3.87133,5.21217,6.19251,-3.63185,6.7533,5.60086,-4.34242,5.3473,5.7183,-3.82259,3.37482,6.63723,-3.93519,5.47134,6.68528,-3.92548,2.69002,6.79383,-3.04915,4.28361,6.99685,-4.0392,4.92882,6.53619,-4.64272,5.57943,5.85959,-4.1788,5.6617,6.39784,-4.37769,4.21797,6.82737
7,-2.38918,7.00459,7.69632,-3.44774,5.20465,6.62272,-3.87839,6.25657,7.63985,-3.97701,4.92768,5.66486,-4.49467,5.71258,5.65468,-3.33209,4.45813,6.81712,-3.22793,4.1694,6.81432,-4.24333,3.45255,5.86197,-4.29458,3.73653,5.55162,-4.36183,4.07003,5.75352,-4.15495,6.25509,4.88519,-3.49137,7.18952,3.8794,-3.99789,5.37498,7.03913,-3.93262,4.62409,6.03106,-4.04289,4.43612,5.93171,-4.44891,5.73139,5.06907,-4.46795,4.72925,6.28986,-4.01876,3.05974,6.2381,-4.01509,5.72456,6.37608,-4.89012,4.31813,5.98398,-4.109,5.84804,5.59996,-4.06694,3.91989,5.69603,-4.90857,5.62355,4.6121,-3.68344,7.84287,5.43444,-3.87024,6.07333,6.28796,-3.76528,5.36723,5.96477,-3.50851,6.66087,5.32326,-4.25316,5.35554,5.56255,-3.66989,3.44039,6.48632,-3.84179,5.50612,6.48376,-3.79398,2.69926,6.65355,-2.93157,4.44217,6.8488,-3.9998,5.03965,6.40353,-4.53363,5.70506,5.66189,-4.09404,5.75754,6.31829,-4.29545,4.3321,6.72197
8,-2.16704,6.96681,7.5239,-3.30555,5.20801,6.40519,-3.74963,6.23238,7.55292,-3.88805,4.93459,5.51526,-4.37467,5.72069,5.54431,-3.21087,4.54535,6.71059,-3.04294,4.1807,6.6118,-4.12673,3.55701,5.67317,-4.1562,3.68402,5.38269,-4.23833,3.9755,5.5489,-4.02584,6.27581,4.74636,-3.45768,7.10554,3.67761,-3.82387,5.39002,6.8477,-3.78424,4.67793,5.85484,-3.8594,4.4685,5.70059,-4.30595,5.72105,4.88798,-4.33626,4.74675,6.1102,-3.87283,3.08606,6.06141,-3.89629,5.77829,6.11632,-4.85003,4.33915,5.82864,-4.02735,5.82485,5.38854,-4.0207,3.92185,5.5371,-4.80428,5.64657,4.43835,-3.56329,7.89611,5.21458,-3.80116,6.16025,6.15664,-3.6483,5.50478,5.72952,-3.37915,6.57321,5.03404,-4.16892,5.33354,5.39655,-3.51543,3.47876,6.32427,-3.74662,5.53294,6.25312,-3.6721,2.70521,6.49467,-2.80655,4.55792,6.67813,-3.95111,5.12175,6.25807,-4.41492,5.81585,5.45027,-3.99638,5.80345,6.22444,-4.21416,4.43288,6.5961
9,-1.95326,6.93931,7.37304,-3.16756,5.21968,6.21714,-3.63486,6.21351,7.49117,-3.82697,4.95754,5.41053,-4.28127,5.72501,5.46546,-3.11124,4.61802,6.63758,-2.87293,4.20484,6.43606,-4.02487,3.66066,5.49633,-4.05707,3.6721,5.25715,-4.13429,3.9136,5.35456,-3.9172,6.29588,4.63366,-3.42855,7.02791,3.48723,-3.66136,5.40074,6.65667,-3.63555,4.71456,5.66994,-3.69175,4.52038,5.4914,-4.17161,5.73869,4.72422,-4.22,4.76384,5.92968,-3.73746,3.10271,5.8645,-3.77228,5.82804,5.84768,-4.80901,4.37309,5.68765,-3.94564,5.79857,5.18939,-3.97021,3.94754,5.39382,-4.705,5.67077,4.27699,-3.44552,7.93706,5.00094,-3.73569,6.23518,6.02014,-3.5291,5.63344,5.5,-3.2571,6.51545,4.76082,-4.10066,5.29507,5.23213,-3.37583,3.50914,6.16823,-3.65568,5.56468,6.00806,-3.56714,2.71996,6.33528,-2.68472,4.64445,6.49625,-3.89863,5.1867,6.11507,-4.29783,5.92794,5.23813,-3.89488,5.81125,6.12506,-4.14234,4.53222,6.45606
10,-1.76198,6.93549,7.25822,-3.04559,5.25207,6.07321,-3.54366,6.20302,7.46189,-3.80024,4.998,5.35734,-4.22652,5.73267,5.42862,-3.04296,4.6761,6.60595,-2.73286,4.25523,6.3081,-3.94447,3.77116,5.35065,-4.01072,3.70989,5.18698,-4.06023,3.89974,5.18878,-3.83965,6.31892,4.55834,-3.40927,6.96689,3.32145,-3.51954,5.41582,6.4935,-3.49846,4.74486,5.4909,-3.5543,4.60353,5.32219,-4.05972,5.80178,4.60352,-4.13444,4.79505,5.76524,-3.62716,3.12293,5.66973,-3.65303,5.88525,5.59104,-4.76783,4.42496,5.57818,-3.87325,5.77991,5.01671,-3.92023,4.00638,5.28151,-4.61723,5.71338,4.14614,-3.34185,7.9759,4.81355,-3.67935,6.31113,5.89429,-3.4157,5.76412,5.29168,-3.15568,6.50882,4.5325,-4.05764,5.2573,5.08308,-3.26699,3.54963,6.03728,-3.5745,5.61443,5.76851,-3.48318,2.75189,6.19751,-2.57664,4.7186,6.31864,-3.84962,5.24801,5.99211,-4.19484,6.05839,5.0435,-3.79988,5.79832,6.0322,-4.08639,4.6422,6.3144
11,-1.60725,6.96121,7.19139,-2.95092,5.31328,5.98464,-3.48431,6.20111,7.47013,-3.81024,5.05327,5.35831,-4.21873,5.74689,5.44117,-3.01418,4.71816,6.62049,-2.63586,4.33987,6.24448,-3.89133,3.89102,5.25283,-4.0244,3.79616,5.17916,-4.02442,3.94125,5.06812,-3.80066,6.34525,4.52877,-3.40482,6.93065,3.19245,-3.40614,5.43913,6.38384,-3.38431,4.78137,5.33349,-3.45838,4.72433,5.20785,-3.9827,5.92001,4.54828,-4.09124,4.8502,5.63492,-3.55471,3.1571,5.5023,-3.54892,5.95949,5.36883,-4.72887,4.49621,5.51583,-3.81946,5.77602,4.88333,-3.8774,4.10301,5.21303,-4.54738,5.78594,4.06203,-3.26202,8.02114,4.6715,-3.63555,6.3994,5.79584,-3.31463,5.90689,5.12032,-3.08665,6.56649,4.3733,-4.04597,5.23631,4.96347,-3.20206,3.61357,5.94954,-3.50762,5.69305,5.55685,-3.42187,2.8042,6.10323,-2.49203,4.79531,6.16258,-3.81281,5.31682,5.90614,-4.11813,6.22037,4.88609,-3.7219,5.78384,5.95962,-4.05011,4.77198,6.18795
12,-1.50097,7.01402,7.17977,-2.8928,5.40557,5.95732,-3.46298,6.20485,7.51787,-3.85523,5.11692,5.41175,-4.26147,5.76692,5.50632,-3.03058,4.74125,6.68222,-2.59167,4.45961,6.2548,-3.8708,4.01695,5.21414,-4.09789,3.91959,5.23487,-4.03227,4.03684,5.00475,-3.80338,6.37171,4.54938,-3.41898,6.92431,3.11011,-3.3285,5.46874,6.3468,-3.30306,4.83444,5.21243,-3.41083,4.88217,5.15796,-3.95062,6.0933,4.57355,-4.09699,4.93248,5.555,-3.52938,3.2105,5.38601,-3.47005,6.05574,5.20154,-4.6974,4.58475,5.51207,-3.79256,5.78844,4.79844,-3.84995,4.23643,5.19709,-4.50227,5.8919,4.03627,-3.21311,8.07762,4.58954,-3.60654,6.50691,5.73958,-3.23063,6.06874,4.99999,-3.05877,6.69152,4.2981,-4.06809,5.24319,4.88545,-3.19016,3.70704,5.91919,-3.4585,5.8066,5.39405,-3.3841,2.8748,6.06997,-2.43916,4.88373,6.04435,-3.79766,5.39879,5.87077,-4.07794,6.41976,4.78352,-3.67073,5.78465,5.92046,-4.03531,4.92559,6.09441
13,-1.45052,7.08464,7.22494,-2.87735,5.52498,5.99063,-3.48317,6.20853,7.60389,-3.92998,5.17973,5.5118,-4.35323,5.78821,5.62216,-3.0948,4.74125,6.78812,-2.60499,4.60776,6.3403,-3.8874,4.14083,5.23871,-4.22377,4.0609,5.34907,-4.08598,4.17728,5.00507,-3.84657,6.39218,4.61999,-3.45359,6.94938,3.08061,-3.294,5.49762,6.39157,-3.26252,4.90967,5.13959,-3.41337,5.06931,5.1751,-3.96972,6.31263,4.68464,-4.15272,5.03807,5.53726,-3.55566,3.28235,5.33873,-3.42559,6.17269,5.10461,-4.68152,4.68581,5.57274,-3.79868,5.81278,4.76621,-3.84676,4.40023,5.23724,-4.48866,6.02634,4.07417,-3.19913,8.14598,4.57499,-3.59475,6.63462,5.73636,-3.16722,6.25183,4.94069,-3.07687,6.87699,4.30997,-4.12316,5.28144,4.85719,-3.23566,3.82804,5.95418,-3.42973,5.95514,5.29575,-3.37125,2.95763,6.10747,-2.42472,4.98578,5.97623,-3.81317,5.49311,5.89425,-4.0811,6.65365,4.74758,-3.65472,5.81177,5.92468,-4.04294,5.10137,6.04896
14,-1.45712,7.15998,7.32258,-2.90614,5.66229,6.07769,-3.5453,6.20442,7.724,-4.02706,5.23116,5.64918,-4.48788,5.80373,5.78178,-3.20628,4.71369,6.93161,-2.67436,4.77118,6.49385,-3.94405,4.25202,5.32291,-4.38924,4.19611,5.51097,-4.18366,4.34729,5.06872,-3.925,6.39878,4.73605,-3.50801,7.00372,3.10587,-3.30946,5.51546,6.51603,-3.26782,5.00669,5.12238,-3.4626,5.27224,5.25466,-4.04103,6.56217,4.8768,-4.25404,5.15712,5.58687,-3.63273,3.36633,5.36937,-3.42292,6.30297,5.0861,-4.69063,4.79304,5.69742,-3.84083,5.83993,4.78546,-3.87537,4.58346,5.3318,-4.51192,6.17794,4.17439,-3.22091,8.22292,4.62679,-3.60356,6.77741,5.79162,-3.12715,6.45334,4.94672,-3.14074,7.10778,4.4003,-4.20742,5.34715,4.88144,-3.33766,3.96739,6.05496,-3.42312,6.13305,5.26962,-3.38565,3.04438,6.21609,-2.45303,5.09703,5.96443,-3.86603,5.59326,5.97842,-4.12979,6.91069,4.78203,-3.67993,5.86854,5.97754,-4.07411,5.29288,6.06127
15,-1.51555,7.22628,7.46345,-2.97558,5.80479,6.20659,-3.64695,6.18404,7.87155,-4.13822,5.26086,5.81244,-4.65587,5.80514,5.97412,-3.36127,4.65456,7.1034,-2.79191,4.93229,6.70119,-4.04006,4.3398,5.45654,-4.5786,4.30052,5.70557,-4.31915,4.52777,5.18909,-4.03072,6.38314,4.88941,-3.57923,7.08204,3.18339,-3.37901,5.51108,6.70826,-3.32061,5.11955,5.16302,-3.55076,5.47383,5.38558,-4.1589,6.82269,5.13607,-4.39229,5.27546,5.70092,-3.75433,3.45205,5.47629,-3.46589,6.43459,5.14556,-4.73279,4.89956,5.87966,-3.91801,5.8579,4.8501,-3.93998,4.77214,5.4745,-4.57407,6.33204,4.32961,-3.27649,8.30203,4.73632,-3.63704,6.92569,5.90531,-3.1124,6.66606,5.01612,-3.24419,7.36285,4.55168,-4.31466,5.43047,4.95513,-3.49003,4.11065,6.21427,-3.4395,6.32967,5.31436,-3.4297,3.12633,6.38749,-2.52532,5.20885,6.00847,-3.95885,5.68895,6.1188,-4.22086,7.17323,4.88195,-3.74955,5.95052,6.07862,-4.13018,5.49052,6.13424
16,-1.61616,7.27166,7.63464,-3.07759,5.93835,6.36203,-3.78331,6.13919,8.03823,-4.25601,5.26008,5.98972,-4.84568,5.78434,6.18526,-3.55347,4.56123,7.29252,-2.94484,5.07165,6.94285,-4.17044,4.3953,5.62463,-4.77662,4.35228,5.91573,-4.48226,4.69838,5.35416,-4.15472,6.3381,5.06991,-3.66217,7.17655,3.30677,-3.50207,5.47459,6.94951,-3.41838,5.2384,5.25859,-3.66746,5.65579,5.55238,-4.31139,7.07466,5.44181,-4.55615,5.37659,5.86843,-3.90975,3.52691,5.64783,-3.55361,6.55265,5.2738,-4.81212,4.99879,6.10786,-4.02513,5.85399,4.9505,-4.04005,4.951,5.65497,-4.67209,6.47358,4.52774,-3.36116,8.37496,4.88977,-3.69818,7.06779,6.0721,-3.12391,6.8793,5.14127,-3.37573,7.61799,4.74135,-4.43689,5.51821,5.06986,-3.68201,4.24109,6.41804,-3.47831,6.53097,5.42067,-3.50424,3.19567,6.60672,-2.63882,5.31106,6.10185,-4.08932,5.76802,6.30552,-4.34594,7.42011,5.03473,-3.86265,6.04714,6.22236,-4.21205,5.68364,6.26382
17,-1.74773,7.28745,7.82151,-3.20123,6.04911,6.52756,-3.94792,6.06319,8.2151,-4.37486,5.22269,6.17029,-5.04564,5.73466,6.40064,-3.77487,4.43304,7.48805,-3.11805,5.17074,7.19705,-4.32583,4.41247,5.80989,-4.971,4.33542,6.12518,-4.66071,4.83966,5.54809,-4.28866,6.25874,5.2668,-3.75059,7.27816,3.4666,-3.6718,5.3991,7.21782,-3.55393,5.35159,5.40145,-3.80174,5.80134,5.7379,-4.48243,7.30047,5.76976,-4.73341,5.44378,6.07186,-4.08538,3.57809,5.86444,-3.67948,6.64205,5.45377,-4.92733,5.08489,6.3669,-4.15387,5.81692,5.07531,-4.17031,5.10533,5.86006,-4.79813,6.58916,4.75349,-3.46778,8.43253,5.07112,-3.78736,7.19246,6.28225,-3.16122,7.0804,5.3107,-3.5207,7.84853,4.94549,-4.56554,5.59651,5.2132,-3.89962,4.34263,6.64724,-3.53707,6.72116,5.57356,-3.60732,3.2463,6.85569,-2.78673,5.39404,6.23338,-4.25062,5.81835,6.52483,-4.49282,7.62981,5.22215,-4.01384,6.14434,6.39903,-4.31926,5.86204,6.44016
18,-1.90044,7.26856,8.00966,-3.33554,6.12479,6.68749,-4.13378,5.95168,8.39357,-4.49194,5.14586,6.34606,-5.24541,5.65159,6.60704,-4.01678,4.27172,7.68003,-3.29732,5.21493,7.44278,-4.49412,4.38855,5.99508,-5.1544,4.24186,6.32143,-4.84214,4.935,5.75312,-4.42616,6.14316,5.47057,-3.83827,7.37745,3.65189,-3.87557,5.2815,7.49135,-3.71639,5.44769,5.58017,-3.94416,5.89744,5.92627,-4.65561,7.48599,6.09581,-4.91296,5.46216,6.29003,-4.26744,3.59453,6.10232,-3.83206,6.68953,5.66278,-5.07172,5.15295,6.63982,-4.29463,5.73816,5.21329,-4.32189,5.22265,6.07493,-4.94091,6.66861,4.99014,-3.58744,8.46585,5.26446,-3.90114,7.29081,6.52249,-3.22212,7.25655,5.51088,-3.66477,8.03224,5.14251,-4.69275,5.65291,5.3706,-4.12787,4.40196,6.88081,-3.61148,6.88472,5.75496,-3.73309,3.27423,7.11588,-2.95905,5.45024,6.38928,-4.43289,5.82967,6.7608,-4.6476,7.78347,5.42309,-4.19368,6.22761,6.59635,-4.44908,6.01708,6.64951
19,-2.0679,7.21328,8.18701,-3.47229,6.1555,6.82901,-4.33419,5.80318,8.56637,-4.60744,5.03012,6.51247,-5.4373,5.53336,6.79446,-4.27061,4.08139,7.86086,-3.47176,5.19583,7.66285,-4.66336,4.32382,6.16538,-5.32489,4.07205,6.49783,-5.01664,4.97219,5.95217,-4.56379,5.9929,5.67405,-3.91999,7.46557,3.85158,-4.09758,5.12257,7.75067,-3.89283,5.51683,5.78074,-4.08822,5.93654,6.10544,-4.81789,7.6214,6.39985,-5.08577,5.42102,6.50225,-4.44432,3.56867,6.33772,-3.99751,6.6857,5.87609,-5.23494,5.1992,6.90986,-4.43871,5.61347,5.35514,-4.48467,5.29407,6.28511,-5.0884,6.70557,5.22185,-3.71058,8.46752,5.45607,-4.03251,7.35698,6.77747,-3.30268,7.39731,5.72785,-3.79723,8.15216,5.3162,-4.81309,5.67759,5.52753,-4.35291,4.4103,7.09898,-3.69581,7.00795,5.94648,-3.87257,3.27769,7.37042,-3.14427,5.47532,6.55536,-4.62509,5.7952,6.99734,-4.79762,7.86723,5.617,-4.38983,6.28444,6.80108,-4.59647,6.14202,6.87606
20,-2.24741,7.12299,8.34536,-3.60759,6.13437,6.94414,-4.54353,5.61916,8.72821,-4.72412,4.87911,6.66857,-5.61685,5.38069,6.95755,-4.52897,3.86834,8.02568,-3.6351,5.11286,7.84644,-4.82434,4.22154,6.31031,-5.48541,3.83432,6.65399,-5.17806,4.94473,6.13128,-4.70124,5.81258,5.87311,-3.99269,7.53531,4.05591,-4.32208,4.92643,7.98036,-4.07086,5.552,5.98847,-4.23118,5.91751,6.2689,-4.96208,7.70141,6.66853,-5.24578,5.3152,6.69193,-4.60843,3.49812,6.55123,-4.16303,6.62607,6.07171,-5.40556,5.22104,7.16245,-4.58029,5.44339,5.49479,-4.64947,5.31526,6.47849,-5.23039,6.69806,5.43613,-3.82894,8.43253,5.63584,-4.17214,7.3883,7.03159,-3.39767,7.49651,5.94874,-3.91306,8.19855,5.45778,-4.92445,5.66426,5.67164,-4.56446,4.36407,7.28683,-3.78425,7.08076,6.13176,-4.01522,3.25688,7.60538,-3.33172,5.46881,6.71925,-4.81722,5.71301,7.22045,-4.93377,7.87395,5.78724,-4.58908,6.30598,7.00075,-4.75477,6.23243,7.10412
21,-2.43939,7.00197,8.481,-3.74237,6.05838,7.03061,-4.75769,5.40386,8.87628,-4.84675,4.69891,6.81665,-5.78288,5.19668,7.09598,-4.78588,3.64033,8.17271,-3.78585,4.97314,7.99055,-4.97227,4.0875,6.42513,-5.64258,3.54319,6.79456,-5.32451,4.85234,6.28184,-4.84088,5.60934,6.06666,-4.05564,7.58161,4.25772,-4.53663,4.69988,8.17022,-4.24114,5.54941,6.19017,-4.37437,5.84551,6.41589,-5.08758,7.72545,6.89692,-5.39015,5.14607,6.84948,-4.75695,3.38643,6.73088,-4.3197,6.51218,6.23465,-5.57353,5.2173,7.38701,-4.71747,5.23364,5.63,-4.81008,5.28661,6.64748,-5.36065,6.64835,5.62595,-3.93711,8.35944,5.79837,-4.31032,7.38486,7.27108,-3.50126,7.55389,6.16279,-4.0134,8.16986,5.56691,-5.0284,5.61054,5.79503,-4.75722,4.26497,7.4368,-3.87241,7.09745,6.29859,-4.15161,3.2136,7.81074,-3.5138,5.43414,6.87227,-5.00188,5.58631,7.42037,-5.05219,7.80376,5.92393,-4.77944,6.28778,7.1852,-4.91695,6.28634,7.31975
22,-2.64569,6.85717,8.59464,-3.88107,5.92897,7.09203,-4.97425,5.16384,9.01018,-4.98081,4.49721,6.96113,-5.93701,4.9861,7.21397,-5.03712,3.406,8.30291,-3.92679,4.79012,8.09958,-5.10736,3.92939,6.51113,-5.80493,3.21664,6.92714,-5.45793,4.7006,6.40185,-4.98681,5.39197,6.25609,-4.11075,7.60196,4.45287,-4.73404,4.45152,8.3161,-4.39882,5.50917,6.3765,-4.52224,5.73097,6.55047,-5.19946,7.69724,7.08844,-5.51949,4.92104,6.97354,-4.89171,3.24291,6.87351,-4.46424,6.35094,6.35947,-5.73204,5.18828,7.57854,-4.85223,4.99457,5.76222,-4.96393,5.21269,6.79026,-5.4778,6.56259,5.79116,-4.03362,8.25071,5.94346,-4.43919,7.34903,7.48639,-3.60866,7.57457,6.3629,-4.10417,8.0724,5.65101,-5.12954,5.51829,5.89573,-4.93128,4.1196,7.54976,-3.95842,7.05795,6.44061,-4.27549,3.15061,7.9814,-3.68745,5.37795,7.01044,-5.17514,5.42302,7.59255,-5.15436,7.66402,6.02525,-4.95212,6.22989,7.34782,-5.07704,6.30453,7.51248
23,-2.86805,6.69765,8.69036,-4.02975,5.75237,7.13681,-5.19215,4.90723,9.13179,-5.1314,4.28243,7.10747,-6.08265,4.75502,7.31905,-5.27976,3.17397,8.41942,-4.06393,4.58109,8.18364,-5.23369,3.75608,6.57522,-5.98125,2.87338,7.06002,-5.58292,4.49988,6.49562,-5.14346,5.16992,6.44436,-4.16179,7.59645,4.64036,-4.91276,4.19059,8.42042,-4.54406,5.43552,6.54349,-4.68146,5.58744,6.67958,-5.30644,7.6243,7.25323,-5.63738,4.65228,7.07003,-5.01851,3.08122,6.98408,-4.59841,6.15433,6.44996,-5.87828,5.13577,7.73817,-4.98969,4.73981,5.89538,-5.11236,5.101,6.91074,-5.58503,6.44967,5.93798,-4.121,8.11278,6.07538,-4.55424,7.28505,7.67351,-3.7173,7.56695,6.54661,-4.19406,7.91883,5.72285,-5.23445,5.3931,5.97788,-5.09123,3.93835,7.63379,-4.04338,6.96761,6.55771,-4.38522,3.07122,8.11777,-3.85427,5.30859,7.1343,-5.33694,5.23431,7.73795,-5.24597,7.46812,6.09697,-5.10273,6.13637,7.48638,-5.23077,6.29054,7.67658
24,-3.10687,6.5337,8.77414,-4.19414,5.53907,7.17637,-5.41139,4.64301,9.24465,-5.3019,4.06289,7.26086,-6.22367,4.51006,7.42037,-5.5116,2.9522,8.52684,-4.20501,4.36422,8.25576,-5.35772,3.57623,6.62827,-6.17841,2.53032,7.20039,-5.70569,4.26358,6.57262,-5.3144,4.95248,6.63497,-4.21374,7.56764,4.82182,-5.07628,3.92607,8.4916,-4.68076,5.33639,6.69287,-4.8589,5.42959,6.81091,-5.41831,7.51703,7.40503,-5.7497,4.35484,7.15008,-5.14608,2.91689,7.07327,-4.72787,5.93739,6.5172,-6.01312,5.06275,7.87275,-5.13686,4.48396,6.03436,-5.25946,4.96059,7.0176,-5.68883,6.31977,6.07733,-4.20478,7.95535,6.20181,-4.65512,7.19832,7.83458,-3.8277,7.54071,6.71652,-4.29198,7.72622,5.7972,-5.35008,5.24365,6.0504,-5.24431,3.73418,7.70185,-4.13106,6.83667,6.65566,-4.48328,2.97926,8.2258,-4.01913,5.2344,7.24767,-5.49031,5.03292,7.86199,-5.33513,7.2335,6.15046,-5.23158,6.01444,7.60325,-5.37612,6.25055,7.81158
25,-3.36082,6.37521,8.85245,-4.37797,5.30257,7.22314,-5.63209,4.38017,9.35322,-5.49309,3.84619,7.4253,-6.36317,4.25803,7.52688,-5.73067,2.74746,8.63026,-4.35748,4.15602,8.32885,-5.48642,3.39748,6.68284,-6.39969,2.20106,7.35352,-5.83238,4.0065,6.64523,-5.50076,4.74798,6.8312,-4.27164,7.5201,5.00064,-5.23091,3.66612,8.54265,-4.81496,5.2226,6.83068,-5.05994,5.27085,6.95114,-5.54315,7.38763,7.55803,-5.86325,4.0445,7.22681,-5.28405,2.76478,7.15438,-4.86002,5.7161,6.57587,-6.13998,4.97306,7.99312,-5.30106,4.24035,6.18346,-5.41038,4.80126,7.12204,-5.79669,6.18301,6.22162,-4.29179,7.79006,6.33162,-4.74529,7.09486,7.97666,-3.94305,7.50471,6.87925,-4.40481,7.5137,5.88725,-5.48192,5.0802,6.12457,-5.39809,3.52111,7.76847,-4.22686,6.67882,6.74446,-4.57505,2.87929,8.3159,-4.18801,5.16242,7.35647,-5.64037,4.83133,7.97301,-5.43,6.97968,6.19986,-5.34319,5.87332,7.70474,-5.51284,6.19274,7.92209
26,-3.62671,6.22994,8.93126,-4.58212,5.05758,7.28836,-5.85404,4.12705,9.46224,-5.70227,3.63878,7.60288,-6.50222,4.0057,7.64594,-5.93445,2.56493,8.73468,-4.52637,3.96969,8.41342,-5.62582,3.22516,6.75072,-6.64348,1.8953,7.52235,-5.9679,3.74333,6.72641,-5.70059,4.56362,7.03535,-4.33948,7.45969,5.18083,-5.38371,3.4179,8.58843,-4.95274,5.10594,6.96484,-5.28673,5.12204,7.10508,-5.68531,7.24874,7.72386,-5.98408,3.73626,7.3126,-5.44078,2.63674,7.24034,-5.00215,5.50501,6.64089,-6.26316,4.87084,8.11187,-5.4878,4.01915,6.34522,-5.56887,4.6333,7.23539,-5.91443,6.04799,6.38153,-4.38845,7.62838,6.47293,-4.83073,6.98067,8.10999,-4.06789,7.46662,7.04329,-4.53528,7.2999,6.00168,-5.6325,4.91315,6.21082,-5.55807,3.3128,7.84674,-4.33666,6.50939,6.83623,-4.66706,2.7768,8.40112,-4.36564,5.09771,7.4673,-5.79271,4.64042,8.0804,-5.53683,6.72534,6.25891,-5.44474,5.723,7.79958,-5.64192,6.12616,8.01686
27,-3.89976,6.10216,9.01527,-4.80447,4.81792,7.38021,-6.07584,3.8908,9.57571,-5.92348,3.44572,7.79351,-6.63928,3.75964,7.78199,-6.11955,2.40816,8.8443,-4.71301,3.8143,8.51609,-5.77981,3.06202,6.84075,-6.90302,1.61906,7.70749,-6.1146,3.48771,6.82712,-5.90846,4.40508,7.24843,-4.4194,7.39299,5.36604,-5.54026,3.18761,8.64264,-5.09835,4.99726,7.10311,-5.53713,4.99053,7.27544,-5.84417,7.11202,7.90977,-6.11589,3.44278,7.41664,-5.62085,2.54019,7.34153,-5.1593,5.31539,6.72436,-6.38612,4.7602,8.24075,-5.69911,3.82648,6.52,-5.73528,4.46784,7.36669,-6.04403,5.92095,6.56354,-4.49901,7.47967,6.6315,-4.91755,6.86132,8.2449,-4.20601,7.43234,7.21675,-4.68111,7.1007,6.14362,-5.80048,4.75152,6.31651,-5.72595,3.12136,7.94615,-4.46513,6.3436,6.94288,-4.76527,2.67812,8.4944,-4.55397,5.04341,7.58676,-5.95188,4.46855,8.19293,-5.65822,6.48671,6.33839,-5.54398,5.57315,7.89708,-5.76499,6.05949,8.10709
28,-4.17348,5.99221,9.10748,-5.03975,4.59509,7.50247,-6.29454,3.67707,9.69667,-6.14764,3.27074,7.99507,-6.77009,3.5259,7.93658,-6.28169,2.27914,8.96203,-4.9145,3.69484,8.63896,-5.94891,2.90858,6.95747,-7.16681,1.37549,7.9071,-6.27127,3.25152,6.95465,-6.11588,4.27685,7.47008,-4.51091,7.32675,5.55882,-5.70318,2.98034,8.71551,-5.25322,4.90487,7.25151,-5.80452,4.88018,7.4629,-6.0143,6.98704,8.1179,-6.25891,3.17398,7.54383,-5.82373,2.47723,7.46446,-5.33299,5.154,6.83348,-6.50988,4.64493,8.38872,-5.93203,3.66467,6.70601,-5.90558,4.31658,7.52085,-6.18274,5.80555,6.76866,-4.62443,7.3498,6.8096,-5.00984,6.74173,8.38945,-4.359,7.40619,7.40534,-4.83502,6.92753,6.31084,-5.9809,4.60179,6.44456,-5.89913,2.95656,8.07141,-4.61446,6.19476,7.07375,-4.87393,2.58998,8.60633,-4.75124,5.00074,7.72038,-6.12001,4.32129,8.31743,-5.79244,6.27597,6.44448,-5.64735,5.43225,8.00543,-5.88361,5.9996,8.20425
29,-4.43955,5.89749,9.20897,-5.27993,4.39731,7.65401,-6.50533,3.48984,9.82656,-6.36354,3.11626,8.20353,-6.88813,3.31016,8.10834,-6.41588,2.17859,9.08937,-5.12413,3.61261,8.77998,-6.12958,2.76401,7.10068,-7.42019,1.16568,8.11742,-6.43259,3.04447,7.11141,-6.31211,4.18217,7.6984,-4.61104,7.26707,5.75993,-5.8713,2.79986,8.81217,-5.41561,4.83332,7.41371,-6.07875,4.79164,7.66633,-6.18664,6.88045,8.34579,-6.4095,2.93645,7.69475,-6.04351,2.44476,7.61162,-5.52053,5.02291,6.96988,-6.6324,4.52869,8.56055,-6.17824,3.53323,6.89943,-6.07205,4.19069,7.69779,-6.32331,5.70293,6.9929,-4.76215,7.24074,7.00607,-5.10796,6.62597,8.54769,-4.52501,7.39054,7.61119,-4.98623,6.78657,6.49733,-6.16602,4.46727,6.59348,-6.0712,2.82491,8.22259,-4.78342,6.07332,7.23413,-4.99455,2.51882,8.74302,-4.95206,4.96936,7.87185,-6.29589,4.20149,8.458,-5.93365,6.10059,6.57832,-5.75827,5.30697,8.13021,-5.99902,5.95054,8.31822
30,-4.68821,5.81385,9.31871,-5.51453,4.22988,7.8292,-6.70177,3.33163,9.96503,-6.55903,2.98374,8.41369,-6.9854,3.11758,8.29352,-6.51688,2.10613,9.22617,-5.33226,3.56591,8.93363,-6.31394,2.62738,7.26588,-7.64675,0.98935,8.33319,-6.58955,2.87365,7.29493,-6.48564,4.12342,7.93032,-4.71426,7.21911,5.96836,-6.03991,2.64855,8.93243,-5.581,4.78349,7.59104,-6.34725,4.72326,7.8828,-6.35002,6.79554,8.58752,-6.56063,2.73368,7.86627,-6.26976,2.43548,7.78192,-5.71522,4.92023,7.13001,-6.74862,4.41505,8.75635,-6.42482,3.43014,7.09528,-6.22502,4.09883,7.89256,-6.45562,5.61244,7.22876,-4.90612,7.15128,7.21703,-5.20808,6.51705,8.7191,-4.69884,7.38587,7.83278,-5.12272,6.67908,6.69509,-6.34685,4.34816,6.75836,-6.23328,2.72973,8.39594,-4.96708,5.98578,7.42421,-5.12564,2.46996,8.90548,-5.14815,4.9479,8.04209,-6.47474,4.10974,8.61596,-6.07289,5.96363,6.73684,-5.87636,5.20189,8.27372,-6.11168,5.91342,8.45547
31,-4.90881,5.73715,9.43418,-5.7319,4.09512,8.01945,-6.87611,3.20353,10.11019,-6.72224,2.87379,8.61945,-7.05369,2.95254,8.48696,-6.57996,2.06078,9.37079,-5.52755,3.55066,9.09232,-6.49056,2.4984,7.44535,-7.83068,0.84545,8.54891,-6.73071,2.74302,7.49891,-6.62542,4.10207,8.16176,-4.81349,7.1867,6.1812,-6.20164,2.52737,9.07176,-5.74274,4.7531,7.78244,-6.59662,4.67187,8.10779,-6.4926,6.73298,8.83523,-6.70287,2.5663,8.05309,-6.48916,2.43945,7.97181,-5.90741,4.84111,7.30682,-6.85137,4.30765,8.97182,-6.65601,3.35284,7.28822,-6.35485,4.04549,8.09667,-6.56852,5.53271,7.46751,-5.04767,7.0783,7.4369,-5.30333,6.41659,8.89952,-4.87259,7.39065,8.06516,-5.23333,6.60259,6.8958,-6.51405,4.24252,6.93235,-6.37585,2.67137,8.58515,-5.15739,5.93469,7.63947,-5.26257,2.44674,9.08972,-5.32944,4.93443,8.2292,-6.64823,4.04498,8.79014,-6.19965,5.86401,6.91395,-5.99748,5.11938,8.43467,-6.22079,5.88732,8.61836
32,-5.09106,5.66437,9.55201,-5.92058,3.99334,8.21485,-7.02008,3.1055,10.25857,-6.843,2.78642,8.81444,-7.08555,2.81876,8.6827,-6.60143,2.04092,9.52012,-5.69801,3.56124,9.24759,-6.64617,2.37746,7.63007,-7.95861,0.73251,8.75982,-6.84405,2.65341,7.71497,-6.72233,4.11888,8.38796,-4.90085,7.17207,6.39415,-6.34787,2.43609,9.22245,-5.8929,4.73785,7.98487,-6.81394,4.6338,8.33605,-6.6032,6.69122,9.0808,-6.82553,2.43293,8.24907,-6.68702,2.44648,8.1762,-6.08601,4.77936,7.49158,-6.93263,4.21029,9.19933,-6.85578,3.29892,7.47369,-6.45355,4.03051,8.29985,-6.65153,5.46268,7.70115,-5.17646,7.01845,7.65936,-5.38549,6.32428,9.08256,-5.03676,7.40177,8.30109,-5.30938,6.55266,7.09205,-6.6585,4.14762,7.10813,-6.48992,2.64799,8.78273,-5.34405,5.91856,7.87179,-5.398,2.45005,9.28832,-5.48554,4.92698,8.42867,-6.80506,4.00503,8.97754,-6.30316,5.79772,7.10244,-6.11447,5.05961,8.60874,-6.32367,5.87013,8.80521
33,-5.22627,5.59425,9.6684,-6.07061,3.9231,8.40604,-7.12569,3.03663,10.40582,-6.91364,2.72108,8.99251,-7.07546,2.7188,8.87479,-6.57931,2.04454,9.66983,-5.83224,3.59135,9.39141,-6.76805,2.26541,7.81163,-8.02108,0.64889,8.96252,-6.91895,2.60271,7.93451,-6.77017,4.17382,8.60392,-4.96866,7.17577,6.60186,-6.46995,2.37366,9.37535,-6.02322,4.73269,8.19364,-6.9881,4.60551,8.56234,-6.67201,6.66811,9.317,-6.91799,2.33091,8.44855,-6.84882,2.44838,8.38976,-6.23958,4.72866,7.67598,-6.98475,4.12677,9.42942,-7.00984,3.26662,7.64865,-6.51551,4.04979,8.49193,-6.69622,5.40232,7.92348,-5.28193,6.96912,7.87841,-5.44678,6.23822,9.26143,-5.18139,7.41542,8.53181,-5.34527,6.52454,7.27816,-6.77165,4.0612,7.27897,-6.5682,2.65674,8.98117,-5.51568,5.93267,8.11121,-5.52294,2.47826,9.49224,-5.60711,4.92388,8.63427,-6.93226,3.98717,9.17375,-6.37354,5.75916,7.29528,-6.21831,5.02087,8.78935,-6.41579,5.8596,9.01129
34,-5.3086,5.52734,9.77944,-6.17423,3.88205,8.58495,-7.18621,2.99523,10.54697,-6.93007,2.67666,9.14808,-7.02048,2.65383,9.05791,-6.51366,2.06911,9.81467,-5.92053,3.63463,9.51693,-6.8463,2.16306,7.98389,-8.01371,0.59293,9.15489,-6.94755,2.587,8.15003,-6.76634,4.26591,8.80481,-5.01058,7.19669,6.79851,-6.56015,2.33843,9.52121,-6.12559,4.73285,8.4031,-7.11068,4.58423,8.78247,-6.69138,6.66132,9.53824,-6.97069,2.25761,8.64672,-6.96145,2.44056,8.60752,-6.35747,4.68356,7.85353,-7.00156,4.06068,9.65237,-7.10745,3.2551,7.81172,-6.53776,4.09697,8.66441,-6.69691,5.3528,8.13063,-5.35459,6.92874,8.08855,-5.48097,6.15523,9.42995,-5.29692,7.42782,8.74819,-5.33857,6.51445,7.45041,-6.84563,3.98244,7.43969,-6.60553,2.69447,9.17387,-5.66049,5.97042,8.34787,-5.62765,2.52758,9.6927,-5.68706,4.92392,8.83922,-7.01715,3.98824,9.37336,-6.40287,5.74202,7.48667,-6.29953,5.00015,8.9688,-6.49089,5.85404,9.22992
35,-5.33579,5.46533,9.88119,-6.22644,3.86745,8.74507,-7.19688,2.97893,10.67695,-6.89196,2.65121,9.27661,-6.92082,2.62334,9.22764,-6.40698,2.11145,9.94882,-5.95584,3.6855,9.61902,-6.87502,2.07118,8.14332,-7.93729,0.5629,9.33537,-6.92564,2.60143,8.35584,-6.71214,4.39314,8.98648,-5.0222,7.23218,6.97829,-6.61227,2.32823,9.65182,-6.19291,4.7347,8.60709,-7.17647,4.56839,8.99362,-6.65638,6.66932,9.74087,-6.97613,2.2108,8.83994,-7.0144,2.4229,8.82539,-6.43047,4.64031,8.02041,-6.97921,4.01501,9.85952,-7.14225,3.26461,7.96282,-6.51993,4.165,8.81126,-6.65171,5.31611,8.32094,-5.38726,6.89687,8.28522,-5.48386,6.07207,9.58338,-5.37506,7.43601,8.94155,-5.28989,6.52002,7.6068,-6.87435,3.91196,7.58693,-6.59913,2.75841,9.35565,-5.76752,6.02433,8.57363,-5.70301,2.59293,9.88237,-5.72134,4.92639,9.03717,-7.04955,4.00496,9.57054,-6.38574,5.74064,7.67244,-6.34936,4.99374,9.13948,-6.54189,5.85235,9.45397
36,-5.30967,5.41019,9.9696,-6.22512,3.87624,8.88119,-7.15574,2.98466,10.79103,-6.80297,2.64181,9.37489,-6.77996,2.62464,9.38096,-6.26415,2.16755,10.06652,-5.93499,3.73937,9.69419,-6.85294,1.99052,8.2885,-7.79779,0.55693,9.50218,-6.85275,2.64148,8.54769,-6.61273,4.55211,9.14582,-5.00173,7.27807,7.13602,-6.62229,2.3405,9.76095,-6.21955,4.73614,8.79954,-7.1839,4.55774,9.1941,-6.56572,6.6911,9.92275,-6.92975,2.18946,9.02522,-7.00077,2.39933,9.03979,-6.45166,4.5975,8.17534,-6.9166,3.99173,10.04425,-7.11285,3.29633,8.10241,-6.4639,4.24734,8.92921,-6.5623,5.29426,8.49455,-5.37644,6.87343,8.46453,-5.45359,5.98586,9.71841,-5.40961,7.43816,9.10446,-5.20289,6.54004,7.74656,-6.85467,3.85117,7.71947,-6.54888,2.84609,9.52287,-5.8277,6.0877,8.78282,-5.74169,2.66871,10.0557,-5.70966,4.93131,9.22318,-7.02381,4.03427,9.75967,-6.32025,5.75037,7.84997,-6.36118,4.99798,9.29478,-6.56174,5.8543,9.67662
37,-5.23611,5.36301,10.04086,-6.1716,3.90511,8.98919,-7.06372,3.00855,10.88526,-6.67043,2.64438,9.44147,-6.60454,2.65305,9.51622,-6.09223,2.23249,10.16254,-5.85904,3.7928,9.74051,-6.78297,1.92181,8.41911,-7.60548,0.57256,9.65275,-6.7323,2.70302,8.72254,-6.47664,4.73802,9.28133,-4.95019,7.32891,7.26757,-6.58896,2.3721,9.84464,-6.20207,4.73641,8.97479,-7.1349,4.55332,9.38291,-6.4224,6.72633,10.08275,-6.83086,2.19331,9.19975,-6.91825,2.37677,9.247,-6.41747,4.55569,8.31862,-6.81578,3.99117,10.20202,-7.02313,3.35155,8.23066,-6.3737,4.33833,9.01755,-6.43411,5.28857,8.653,-5.32289,6.8584,8.62323,-5.39064,5.89477,9.83304,-5.39732,7.4339,9.23146,-5.08429,6.57376,7.86968,-6.7878,3.80124,7.83787,-6.45719,2.95522,9.67328,-5.83487,6.15507,8.97257,-5.73915,2.74939,10.20897,-5.65566,4.9391,9.39403,-6.93954,4.07365,9.93575,-6.20821,5.76791,8.01786,-6.33112,5.00976,9.43007,-6.54489,5.86029,9.89185
38,-5.1249,5.32325,10.0917,-6.07108,3.94977,9.06632,-6.92505,3.0459,10.95681,-6.50481,2.65341,9.47665,-6.4042,2.70119,9.63336,-5.90024,2.30027,10.23302,-5.73383,3.84306,9.75726,-6.67198,1.86509,8.53504,-7.3742,0.60637,9.78358,-6.57118,2.78232,8.87762,-6.31507,4.94434,9.39315,-4.87121,7.37847,7.37018,-6.51432,2.41931,9.90154,-6.14009,4.73569,9.12781,-7.03523,4.55695,9.55879,-6.23439,6.7746,10.21978,-6.68305,2.22254,9.36058,-6.76956,2.36334,9.442,-6.32911,4.51631,8.45093,-6.68178,4.01149,10.33022,-6.88209,3.43092,8.34697,-6.25542,4.43298,9.07742,-6.27564,5.29887,8.79855,-5.23181,6.85103,8.75884,-5.29795,5.79749,9.92619,-5.33842,7.42406,9.31948,-4.94361,6.62001,7.97678,-6.67968,3.76229,7.94396,-6.32925,3.08302,9.80591,-5.78697,6.22282,9.14233,-5.69456,2.82964,10.33955,-5.56665,4.95056,9.54826,-6.80176,4.12113,10.09433,-6.05557,5.79106,8.17541,-6.259,5.0268,9.54307,-6.48804,5.87149,10.09443
39,-4.98924,5.28818,10.12003,-5.93294,4.0047,9.1117,-6.74696,3.09112,11.00416,-6.31893,2.66224,9.48275,-6.19072,2.75946,9.73364,-5.69835,2.36401,10.27585,-5.56966,3.88748,9.74482,-6.53004,1.81938,8.63583,-7.11965,0.6537,9.89067,-6.37961,2.87532,9.0102,-6.14075,5.16296,9.48308,-4.77092,7.41983,7.44273,-6.40408,2.47767,9.93278,-6.03661,4.73443,9.25449,-6.89419,4.57077,9.71986,-6.01446,6.83501,10.33257,-6.49444,2.27677,9.50435,-6.56289,2.36637,9.61827,-6.19307,4.48071,8.57213,-6.5224,4.04831,10.42784,-6.70316,3.53346,8.44986,-6.11696,4.52622,9.11124,-6.09789,5.32295,8.93344,-5.11215,6.84993,8.87002,-5.18086,5.69321,9.99727,-5.23752,7.41011,9.36823,-4.79254,6.67624,8.06911,-6.54068,3.7327,8.03991,-6.17291,3.22579,9.92099,-5.6865,6.28857,9.2929,-5.61111,2.90429,10.44538,-5.45281,4.96649,9.68581,-6.61979,4.17515,10.23147,-5.87203,5.81802,8.32227,-6.14833,5.0477,9.63377,-6.39127,5.88928,10.27969
40,-4.84448,5.25289,10.12586,-5.7704,4.06265,9.1273,-6.53929,3.13779,11.02744,-6.12693,2.66338,9.46369,-5.97728,2.81629,9.81933,-5.49759,2.41616,10.2912,-5.38071,3.92278,9.70452,-6.36947,1.7821,8.72078,-6.85802,0.70841,9.97057,-6.17021,2.97671,9.11766,-5.96678,5.38418,9.55425,-4.65723,7.44599,7.48592,-6.26732,2.54175,9.94168,-5.89856,4.73255,9.35179,-6.72452,4.59623,9.86323,-5.77912,6.90549,10.4195,-6.27706,2.35424,9.62748,-6.31154,2.39044,9.76804,-6.02088,4.4487,8.68088,-6.34761,4.09467,10.49487,-6.50273,3.65571,8.53726,-5.9677,4.61228,9.12213,-5.91305,5.35647,9.05913,-4.97545,6.85226,8.95658,-5.04684,5.5808,10.04605,-5.10346,7.39375,9.37995,-4.64375,6.73784,8.14878,-6.38442,3.70878,8.12741,-5.99862,3.37811,10.01979,-5.54089,6.3504,9.42571,-5.49575,2.96816,10.52458,-5.32581,4.9871,9.80746,-6.40619,4.23373,10.34372,-5.67014,5.84685,8.4583,-6.00615,5.0713,9.70428,-6.25826,5.91493,10.44302
41,-4.70658,5.21064,10.11173,-5.59942,4.11498,9.11804,-6.31402,3.17891,11.02832,-5.94322,2.64907,9.42472,-5.77716,2.8589,9.89295,-5.30876,2.44892,10.28138,-5.1837,3.94455,9.63875,-6.20392,1.74892,8.7892,-6.60465,0.76286,10.02126,-5.95753,3.07919,9.19795,-5.80536,5.59723,9.61049,-4.53927,7.45007,7.50197,-6.11567,2.60493,9.93309,-5.73639,4.72893,9.41809,-6.54143,4.63356,9.98555,-5.54657,6.9827,10.47933,-6.04557,2.45117,9.72659,-6.03344,2.4361,9.88393,-5.82786,4.41823,8.77487,-6.16869,4.14136,10.53226,-6.29819,3.7915,8.60732,-5.81791,4.68425,9.11358,-5.73336,5.39293,9.17569,-4.83453,6.85404,9.01957,-4.90484,5.4587,10.07258,-4.94881,7.37606,9.35946,-4.50949,6.79761,8.21836,-6.22593,3.68485,8.20717,-5.8188,3.53267,10.10461,-5.36163,6.40654,9.5418,-5.35842,3.01594,10.57547,-5.19751,5.01139,9.91452,-6.17552,4.29387,10.42851,-5.46401,5.87452,8.58329,-5.84238,5.09607,9.75789,-6.09625,5.94905,10.5799
42,-4.59032,5.15372,10.08268,-5.43673,4.15229,9.09158,-6.08449,3.20727,11.00989,-5.78131,2.61222,9.37169,-5.60268,2.87413,9.95681,-5.14207,2.45487,10.25048,-4.9963,3.94719,9.551,-6.04703,1.71402,8.8409,-6.37303,0.80817,10.04336,-5.75639,3.17343,9.25041,-5.66679,5.79057,9.65575,-4.42666,7.4262,7.49463,-5.96218,2.65939,9.9125,-5.56322,4.72079,9.45343,-6.36172,4.6808,10.08362,-5.33421,7.06183,10.51195,-5.81581,2.56102,9.79924,-5.7497,2.49894,9.96087,-5.63135,4.38507,8.85153,-5.99734,4.17756,10.54178,-6.10585,3.93187,8.65928,-5.67796,4.73402,9.0892,-5.56956,5.42428,9.28153,-4.70199,6.84989,9.06074,-4.76465,5.32447,10.07736,-4.78849,7.3569,9.31321,-4.40004,6.84587,8.28061,-6.07969,3.65359,8.27865,-5.64684,3.68005,10.17834,-5.16348,6.45449,9.64191,-5.21071,3.04226,10.59704,-5.0785,5.03661,10.00834,-5.94337,4.35082,10.48488,-5.26762,5.8965,8.69704,-5.6687,5.11938,9.79841,-5.91543,5.99053,10.68599
43,-4.50746,5.07458,10.04584,-5.29778,4.16528,9.05696,-5.86453,3.21596,10.97623,-5.6529,2.54728,9.31031,-5.46407,2.84958,10.01213,-5.00644,2.42753,10.20357,-4.83543,3.92418,9.44594,-5.91084,1.67065,8.8765,-6.17466,0.83451,10.04007,-5.58076,3.24859,9.27629,-5.55858,5.95293,9.69314,-4.32883,7.36992,7.46837,-5.81987,2.69623,9.8852,-5.39345,4.70357,9.45995,-6.20211,4.73357,10.15545,-5.15623,7.13684,10.5188,-5.60311,2.67465,9.84463,-5.48248,2.56995,9.99796,-5.44881,4.34303,8.90878,-5.84461,4.19179,10.52619,-5.93904,4.06552,8.69398,-5.55719,4.75272,9.05271,-5.4297,5.44143,9.37344,-4.58895,6.83352,9.08243,-4.63589,5.17521,10.06161,-4.63829,7.33414,9.24848,-4.32277,6.87119,8.33762,-5.95769,3.60644,8.33983,-5.49585,3.80911,10.24385,-4.96295,6.49105,9.72614,-5.06454,3.04173,10.58953,-4.97725,5.05811,10.09052,-5.7251,4.39781,10.51424,-5.09305,5.90648,8.79915,-5.49732,5.13686,9.82927,-5.72769,6.03611,10.75803
44,-4.46604,4.96712,10.00888,-5.19486,4.14594,9.02256,-5.66777,3.19905,10.93176,-5.56705,2.451,9.24543,-5.36851,2.77522,10.05869,-4.90891,2.36232,10.14573,-4.71554,3.86896,9.3289,-5.80477,1.61179,8.89742,-6.01894,0.8319,10.01682,-5.44234,3.29306,9.27894,-5.4852,6.07409,9.72444,-4.25449,7.27876,7.42809,-5.70024,2.70578,9.8555,-5.24102,4.67108,9.44154,-6.07785,4.785,10.20077,-5.02217,7.20038,10.503,-5.4208,2.78054,9.86437,-5.25254,2.63643,9.99898,-5.29609,4.2843,8.94576,-5.72012,4.17297,10.48896,-5.80716,4.17973,8.71383,-5.4633,4.73151,9.0075,-5.31864,5.43499,9.44752,-4.50413,6.79801,9.0868,-4.52767,5.00787,10.02735,-4.51283,7.3039,9.17239,-4.28173,6.86153,8.39058,-5.86821,3.53431,8.38771,-5.37699,3.90783,10.30316,-4.77692,6.51195,9.79445,-4.93102,3.00895,10.55472,-4.89948,5.06944,10.16266,-5.53489,4.42621,10.52039,-4.94908,5.89657,8.8888,-5.33987,5.14227,9.85312,-5.54557,6.07972,10.79435
45,-4.47017,4.828,9.97851,-5.13588,4.08845,8.9944,-5.50659,3.15214,10.88059,-5.52964,2.32312,9.18036,-5.31988,2.64415,10.09459,-4.85447,2.25705,10.08107,-4.64789,3.77614,9.20555,-5.73488,1.53087,8.90537,-5.91326,0.79144,9.97988,-5.34929,3.29616,9.26339,-5.44824,6.14586,9.74985,-4.21119,7.15269,7.37827,-5.61222,2.67828,9.82603,-5.11805,4.61607,9.40376,-6.00144,4.82631,10.22134,-4.93683,7.24407,10.46851,-5.27925,2.86584,9.86223,-5.07634,2.6836,9.97179,-5.18609,4.20016,8.96324,-5.6314,4.112,10.43407,-5.71556,4.26134,8.72206,-5.40195,4.66267,8.95631,-5.23831,5.39588,9.5,-4.4536,6.7363,9.0759,-4.44805,4.8202,9.9773,-4.4243,7.26049,9.09085,-4.27839,6.80582,8.43971,-5.81522,3.42822,8.41886,-5.2983,3.96432,10.35687,-4.62115,6.51257,9.84681,-4.81967,2.93818,10.49591,-4.84843,5.0628,10.22657,-5.38439,4.42649,10.50889,-4.84055,5.85748,8.96487,-5.20645,5.12757,9.87152,-5.38076,6.11246,10.79572
46,-4.52118,4.65763,9.95892,-5.12451,3.9899,8.97484,-5.39156,3.07298,10.82572,-5.54311,2.16629,9.11653,-5.31859,2.454,10.11649,-4.84594,2.11264,10.01187,-4.63983,3.64274,9.08089,-5.70401,1.42263,8.9019,-5.86289,0.70699,9.93461,-5.30594,3.24949,9.23526,-5.44683,6.16335,9.76774,-4.20476,6.99451,7.32231,-5.56142,2.60451,9.79742,-5.03388,4.53091,9.3529,-5.98158,4.84798,10.22027,-4.9012,7.259,10.41909,-5.18543,2.91779,9.84379,-4.96437,2.69675,9.92605,-5.12799,4.08257,8.96347,-5.58376,4.00333,10.36548,-5.66636,4.29812,8.72166,-5.37689,4.54108,8.90069,-5.18885,5.31607,9.52841,-4.44115,6.64219,9.05137,-4.40422,4.61169,9.91453,-4.3814,7.19786,9.00805,-4.31293,6.69586,8.48452,-5.79923,3.27994,8.43041,-5.26394,3.9683,10.40393,-4.50923,6.48791,9.88341,-4.73791,2.82355,10.41779,-4.82524,5.02977,10.28376,-5.28152,4.38935,10.48574,-4.76856,5.77929,9.02609,-5.1051,5.08356,9.88508,-5.24295,6.12323,10.76525
47,-4.61869,4.46086,9.95066,-5.16099,3.85098,8.96251,-5.33062,2.96188,10.76848,-5.6064,1.98607,9.05345,-5.36197,2.20736,10.12026,-4.88369,1.93311,9.93841,-4.69495,3.46963,8.9585,-5.71249,1.28387,8.88763,-5.87056,0.57698,9.88438,-5.31278,3.14837,9.19971,-5.4784,6.12556,9.77532,-4.23914,6.80963,7.26216,-5.54972,2.47659,9.76826,-4.99508,4.40877,9.29529,-6.02302,4.84147,10.20137,-4.91405,7.23701,10.3575,-5.1429,2.92567,9.81525,-4.92051,2.66353,9.87103,-5.12728,3.92502,8.94998,-5.58036,3.84659,10.28662,-5.65958,4.28034,8.71421,-5.39058,4.36565,8.8405,-5.17007,5.18939,9.53225,-4.46872,6.51114,9.0149,-4.40242,4.38499,9.84204,-4.38927,7.11055,8.92588,-4.38545,6.52802,8.52426,-5.8186,3.08286,8.42084,-5.27459,3.91243,10.44172,-4.45146,6.43381,9.90482,-4.69101,2.65972,10.3255,-4.82994,4.9623,10.33539,-5.23027,4.30741,10.45569,-4.73123,5.65263,9.07153,-5.04153,5.00091,9.89376,-5.13927,6.09945,10.70825
48,-4.76139,4.24662,9.95049,-5.24371,3.67627,8.95299,-5.32859,2.82176,10.70828,-5.71511,1.7899,8.98885,-5.445,1.91197,10.10182,-4.96593,1.72539,9.85879,-4.81292,3.2623,8.8395,-5.75915,1.11439,8.86184,-5.9364,0.40539,9.83014,-5.36723,2.99333,9.16035,-5.53949,6.03599,9.7687,-4.316,6.60577,7.19797,-5.57564,2.28901,9.73568,-5.00582,4.24504,9.2363,-6.12638,4.80103,10.168,-4.9733,7.17249,10.2852,-5.15257,2.8827,9.78233,-4.94292,2.57586,9.81357,-5.1859,3.72496,8.92648,-5.62259,3.6477,10.19963,-5.69414,4.20246,8.69924,-5.44477,4.14049,8.77374,-5.18283,5.01287,9.51332,-4.5371,6.34163,8.96823,-4.44813,4.14636,9.76227,-4.44946,6.99558,8.84396,-4.49651,6.30486,8.5581,-5.87113,2.83344,8.39024,-5.32824,3.79362,10.46689,-4.45442,6.34786,9.91177,-4.68242,2.44347,10.22404,-4.86256,4.85372,10.38171,-5.23112,4.1766,10.4215,-4.72522,5.47032,9.10094,-5.01917,4.87157,9.8971,-5.074,6.02883,10.63126
49,-4.94683,4.02652,9.9519,-5.37059,3.47437,8.94033,-5.38688,2.65797,10.64273,-5.86197,1.58645,8.91925,-5.56105,1.58007,10.05786,-5.08865,1.49856,9.76957,-4.98937,3.03066,8.722,-5.8421,0.91807,8.82249,-6.05768,0.20184,9.77081,-5.46471,2.79014,9.11819,-5.62635,5.90253,9.74375,-4.43442,6.39215,7.12807,-5.63513,2.0399,9.69602,-5.06848,4.03853,9.17945,-6.28853,4.72512,10.1221,-5.07711,7.06396,10.20261,-5.21304,2.78769,9.74884,-5.02597,2.4315,9.75685,-5.30306,3.48439,8.89614,-5.71022,3.41865,10.105,-5.76849,4.06441,8.67441,-5.5408,3.87544,8.69665,-5.2296,4.78801,9.47466,-4.64631,6.1358,8.91346,-4.54537,3.90564,9.67654,-4.56026,6.85336,8.76009,-4.64642,6.03559,8.5847,-5.955,2.53287,8.33969,-5.42176,3.61421,10.47589,-4.52097,6.23016,9.90488,-4.71445,2.17603,10.11704,-4.92393,4.70035,10.42169,-5.28242,3.9972,10.3833,-4.74735,5.22883,9.11512,-5.03925,4.69041,9.89441,-5.0494,5.90109,10.5411
50,-5.17065,3.81222,9.94628,-5.53962,3.25733,8.91864,-5.50321,2.47776,10.56799,-6.03742,1.3841,8.84055,-5.70283,1.22729,9.98659,-5.24591,1.26272,9.66631,-5.21565,2.78759,8.60068,-5.95913,0.70321,8.76647,-6.22874,-0.0199,9.70402,-5.59963,2.54988,9.07137,-5.73535,5.73677,9.6966,-4.59088,6.17834,7.04946,-5.72305,1.7327,9.64538,-5.1837,3.79293,9.12585,-6.50271,4.61683,10.06365,-5.22423,6.91539,10.10922,-5.32107,2.64547,9.716,-5.16177,2.23474,9.70042,-5.47507,3.21054,8.86045,-5.84138,3.17596,10.00098,-5.8805,3.87245,8.63608,-5.67917,3.58538,8.60414,-5.31377,4.52211,9.41949,-4.79507,5.90026,8.85273,-4.69579,3.67444,9.58466,-4.71696,6.68822,8.67042,-4.83389,5.73506,8.60161,-6.06906,2.1885,8.27053,-5.55208,3.3825,10.46554,-4.65003,6.08423,9.88452,-4.7886,1.86494,10.00577,-5.01613,4.50249,10.45302,-5.38145,3.7744,10.3389,-4.79578,4.93032,9.11566,-5.10119,4.45686,9.88481,-5.06608,5.71037,10.44411
51,-5.4251,3.61243,9.9245,-5.74859,3.03905,8.88342,-5.67193,2.28938,10.47953,-6.23039,1.19016,8.74881,-5.86298,0.87103,9.88793,-5.42984,1.02779,9.54445,-5.47876,2.54601,8.46744,-6.10717,0.48199,8.69018,-6.44071,-0.2444,9.6266,-5.76603,2.28705,9.01508,-5.86321,5.55261,9.62399,-4.77935,5.97296,6.95815,-5.83441,1.37739,9.57982,-5.34982,3.5168,9.0739,-6.75877,4.48303,9.9902,-5.4133,6.73572,10.00396,-5.47136,2.46653,9.6816,-5.34138,1.99621,9.64041,-5.69521,2.9148,8.81852,-6.01229,2.93745,9.88363,-6.02724,3.63864,8.58024,-5.85888,3.28827,8.49054,-5.4384,4.2286,9.34995,-4.98033,5.6451,8.78736,-4.89714,3.46273,9.48447,-4.91214,6.50768,8.57014,-5.05416,5.42113,8.6045,-6.21249,1.81418,8.18325,-5.71679,3.11242,10.43331,-4.83705,5.91683,9.85019,-4.90541,1.52475,9.88876,-5.14186,4.26556,10.47189,-5.52495,3.5181,10.2843,-4.87084,4.5831,9.10429,-5.20294,4.17572,9.86688,-5.12392,5.45735,10.34515
52,-5.69861,3.4307,9.87826,-5.99381,2.8331,8.83197,-5.88422,2.10127,10.37302,-6.42906,1.00992,8.64117,-6.03456,0.52878,9.76365,-5.6313,0.80227,9.40023,-5.76219,2.31582,8.3127,-6.28179,0.26857,8.59032,-6.68178,-0.4578,9.53496,-5.95779,2.01733,8.94218,-6.00665,5.36451,9.52362,-4.9916,5.78279,6.8503,-5.96516,0.99082,9.49528,-5.56189,3.22267,9.01932,-7.04346,4.33219,9.89722,-5.64147,6.53783,9.88532,-5.65623,2.26448,9.64009,-5.55493,1.73094,9.57032,-5.95303,2.61056,8.76683,-6.21688,2.71871,9.74729,-6.20447,3.3788,8.50334,-6.0763,3.00218,8.35057,-5.60449,3.92527,9.2663,-5.19621,5.38254,8.71706,-5.14167,3.27555,9.37157,-5.13576,6.32083,8.45399,-5.29835,5.11096,8.58704,-6.38361,1.42878,8.07746,-5.91376,2.82203,10.37693,-5.07395,5.7369,9.80043,-5.06353,1.17537,9.76155,-5.30325,3.99971,10.47335,-5.70869,3.24148,10.2141,-4.97469,4.20197,9.08222,-5.34109,3.85742,9.83837,-5.22254,5.15011,10.24736
53,-5.97597,3.26501,9.80153,-6.26858,2.64988,8.76311,-6.12884,1.92118,10.24511,-6.6219,0.8464,8.51644,-6.21135,0.21596,9.61654,-5.83994,0.59244,9.23139,-6.04781,2.10154,8.12758,-6.47674,0.07579,8.46467,-6.93815,-0.65031,9.42527,-6.16832,1.7548,8.8448,-6.16207,5.18568,9.39445,-5.21777,5.61176,6.72285,-6.11211,0.59537,9.38769,-5.81088,2.92487,8.95547,-7.34166,4.17198,9.77899,-5.90291,6.33569,9.75155,-5.86545,2.0534,9.58315,-5.79139,1.45585,9.48189,-6.23449,2.31011,8.69949,-6.44682,2.52987,9.58574,-6.40638,3.10964,8.40303,-6.32441,2.74181,8.18051,-5.8097,3.63118,9.16725,-5.43379,5.12417,8.63909,-5.41618,3.11036,9.23967,-5.37593,6.13572,8.3168,-5.55412,4.81765,8.54155,-6.57893,1.05289,7.95195,-6.14009,2.53065,10.29419,-5.34958,5.55339,9.7325,-5.25875,0.83828,9.61698,-5.50001,3.71827,10.4518,-5.92669,2.95875,10.12229,-5.11018,3.80698,9.04968,-5.51082,3.51681,9.79612,-5.3611,4.80413,10.15155
54,-6.24001,3.10954,9.69164,-6.56225,2.49486,8.67657,-6.39299,1.75554,10.09424,-6.79819,0.70036,8.37567,-6.38776,-0.05541,9.45021,-6.04518,0.40215,9.03788,-6.31828,1.90184,7.90627,-6.68396,-0.08755,8.31298,-7.19506,-0.81751,9.29397,-6.39038,1.50991,8.71566,-6.32517,5.02631,9.23687,-5.447,5.46108,6.57457,-6.27187,0.21577,9.25276,-6.08392,2.63631,8.87435,-7.63795,4.00742,9.62983,-6.18815,6.14133,9.60118,-6.08675,1.84481,9.5008,-6.03875,1.18638,9.36639,-6.52257,2.0225,8.60932,-6.69174,2.37433,9.39407,-6.62556,2.84537,8.27881,-6.59303,2.51588,7.97904,-6.04766,3.36252,9.05042,-5.6815,4.87882,8.54845,-5.70329,2.95798,9.08216,-5.62002,5.95791,8.15449,-5.80761,4.54818,8.46068,-6.79211,0.70466,7.80538,-6.39084,2.25531,10.18245,-5.65043,5.37312,9.64247,-5.48333,0.53155,9.44656,-5.72786,3.43516,10.40181,-6.17063,2.68223,10.00291,-5.27897,3.42085,9.00548,-5.70574,3.17096,9.73589,-5.53759,4.43992,10.05608
55,-6.47404,2.95764,9.55029,-6.86038,2.36793,8.57254,-6.66326,1.60906,9.92114,-6.94872,0.57096,8.22245,-6.55877,-0.27759,9.26844,-6.23647,0.23308,8.82231,-6.55958,1.7109,7.64844,-6.89431,-0.21861,8.13743,-7.4386,-0.95983,9.13852,-6.61571,1.2883,8.54994,-6.49057,4.8928,9.05293,-5.66827,5.32941,6.40665,-6.44001,-0.12534,9.08649,-6.3655,2.36621,8.76806,-7.91854,3.84029,9.44608,-6.48419,5.96291,9.43311,-6.30711,1.64587,9.38362,-6.28473,0.93387,9.2164,-6.79907,1.75232,8.48962,-6.93983,2.24956,9.17031,-6.85319,2.59545,8.13195,-6.8695,2.32582,7.74805,-6.30822,3.12919,8.91336,-5.92661,4.6509,8.43887,-5.98465,2.80587,8.89429,-5.85583,5.78921,7.96462,-6.04566,4.30351,8.33985,-7.01408,0.39631,7.6372,-6.65837,2.0078,10.03892,-5.96166,5.19886,9.52607,-5.72598,0.26588,9.24213,-5.97816,3.16194,10.31887,-6.43033,2.41993,9.85094,-5.47976,3.06514,8.94735,-5.91779,2.8361,9.653,-5.74821,4.07951,9.95689
56,-6.6644,2.80476,9.38396,-7.14633,2.26478,8.45196,-6.92659,1.48505,9.72909,-7.06603,0.45649,8.06267,-6.71956,-0.44709,9.07499,-6.4042,0.08562,8.59021,-6.7625,1.52141,7.36066,-7.09809,-0.31995,7.94303,-7.65656,-1.08067,8.9586,-6.83532,1.0915,8.34661,-6.65158,4.78741,8.84671,-5.87088,5.21396,6.22308,-6.61067,-0.41172,8.88588,-6.63954,2.11877,8.63044,-8.1726,3.67053,9.22758,-6.7758,5.80335,9.24711,-6.5143,1.45925,9.22506,-6.51809,0.70441,9.02749,-7.04684,1.50022,8.33651,-7.17868,2.1496,8.91697,-7.07912,2.36405,7.96545,-7.14002,2.16668,7.49263,-6.57835,2.9333,8.75448,-6.15721,4.44057,8.30478,-6.24407,2.64317,8.6757,-6.0729,5.62799,7.74749,-6.25766,4.08034,8.17955,-7.23352,0.13261,7.44826,-6.93264,1.79292,9.8612,-6.26887,5.02909,9.37939,-5.9729,0.04291,8.99859,-6.23843,2.90591,10.20024,-6.6947,2.17472,9.66366,-5.70715,2.7565,8.87245,-6.13793,2.52485,9.54302,-5.98648,3.74231,9.84774
57,-6.80215,2.65065,9.2039,-7.40328,2.17907,8.31677,-7.17113,1.38546,9.5239,-7.14463,0.35523,7.90402,-6.86575,-0.56455,8.87368,-6.54006,-0.04039,8.34976,-6.92275,1.32728,7.05669,-7.28535,-0.39705,7.7375,-7.83923,-1.18378,8.75721,-7.03989,0.9179,8.10962,-6.80051,4.70887,8.62427,-6.04524,5.11131,6.03053,-6.77679,-0.63622,8.65018,-6.89149,1.89374,8.45901,-8.39252,3.49821,8.97888,-7.04747,5.66123,9.04433,-6.69839,1.28428,9.02385,-6.72969,0.49978,8.80022,-7.25152,1.26559,8.15113,-7.39592,2.06816,8.64161,-7.29181,2.15142,7.78361,-7.39113,2.02952,7.22092,-6.84328,2.77027,8.57432,-6.36371,4.24508,8.14314,-6.4695,2.46454,8.43216,-6.26276,5.47048,7.50694,-6.43636,3.87384,7.98718,-7.43808,-0.08851,7.24151,-7.20226,1.60934,9.64859,-6.5593,4.85901,9.20076,-6.20884,-0.1434,8.71623,-6.49412,2.66999,10.04572,-6.95312,1.94524,9.44164,-5.9513,2.50321,8.77813,-6.35671,2.24448,9.40312,-6.24374,3.44086,9.72131
58,-6.88366,2.49999,9.02499,-7.61636,2.10551,8.17116,-7.38665,1.31157,9.3135,-7.18109,0.2663,7.75515,-6.99307,-0.63337,8.66867,-6.63753,-0.14464,8.11136,-7.03973,1.12593,6.7561,-7.44632,-0.45508,7.53121,-7.97937,-1.27107,8.54174,-7.22061,0.76466,7.84845,-6.92886,4.65356,8.39381,-6.18307,5.01881,5.83787,-6.93118,-0.80079,8.38218,-7.10965,1.68824,8.25639,-8.57319,3.32591,8.70964,-7.28561,5.53258,8.82773,-6.85266,1.11912,8.78561,-6.91323,0.31944,8.54138,-7.40316,1.04825,7.94125,-7.57966,2.00099,8.35627,-7.47905,1.95635,7.59227,-7.61085,1.9048,6.94372,-7.0879,2.6318,8.37667,-6.53967,4.06071,7.95531,-6.6534,2.27244,8.17615,-6.41925,5.31312,7.25099,-6.57761,3.68027,7.77706,-7.61541,-0.27264,7.02224,-7.45596,1.45204,9.40383,-6.82277,4.68302,8.99214,-6.4186,-0.30319,8.40281,-6.73048,2.45422,9.85826,-7.19614,1.72855,9.19012,-6.19864,2.30446,8.66269,-6.56542,1.99676,9.23319,-6.50962,3.17916,9.57042
59,-6.91004,2.36135,8.86392,-7.77383,2.04216,8.02253,-7.56519,1.26423,9.10729,-7.17395,0.19007,7.62449,-7.09773,-0.65863,8.46493,-6.69213,-0.22602,7.88639,-7.11471,0.91919,6.48138,-7.57205,-0.49684,7.337,-8.07164,-1.34106,8.32406,-7.36966,0.62962,7.57815,-7.02822,4.61695,8.16502,-6.27778,4.93509,5.65512,-7.06698,-0.91411,8.08941,-7.28595,1.49896,8.03085,-8.71098,3.15978,8.43381,-7.47996,5.41336,8.60289,-6.97351,0.96283,8.52318,-7.06467,0.16345,8.26453,-7.49653,0.85096,7.7216,-7.71889,1.94721,8.07612,-7.62859,1.77865,7.39943,-7.78931,1.7854,6.67373,-7.29766,2.50982,8.16927,-6.68158,3.88474,7.74771,-6.79159,2.07645,7.9253,-6.53802,5.15413,6.99186,-6.67943,3.49877,7.56838,-7.75441,-0.42598,6.7986,-7.68375,1.31573,9.13455,-7.05168,4.4974,8.76031,-6.5882,-0.44621,8.074,-6.93429,2.25814,9.64466,-7.41547,1.52287,8.91943,-6.43329,2.15142,8.52638,-6.75683,1.77937,9.03684,-6.77313,2.95316,9.38996
60,-6.88596,2.24501,8.7366,-7.86756,1.99148,7.88134,-7.70096,1.24404,8.91518,-7.12366,0.12838,7.51918,-7.17655,-0.64604,8.2683,-6.7017,-0.28265,7.68587,-7.14889,0.7129,6.25417,-7.65468,-0.52127,7.16903,-8.11203,-1.38897,8.1194,-7.48028,0.51284,7.31809,-7.09078,4.59477,7.94837,-6.32469,4.86043,5.49223,-7.17824,-0.98791,7.78445,-7.4153,1.32406,7.79618,-8.80238,3.00951,8.16817,-7.62396,5.302,8.37846,-7.05963,0.81708,8.25542,-7.18125,0.03415,7.98895,-7.53061,0.67974,7.51224,-7.80373,1.90905,7.81698,-7.72907,1.62089,7.2156,-7.91887,1.66874,6.42468,-7.45962,2.39972,7.96353,-6.78787,3.71641,7.53114,-6.88136,1.89117,7.69956,-6.61594,4.99523,6.74499,-6.74069,3.332,7.38202,-7.84591,-0.55203,6.58144,-7.87744,1.19796,8.8542,-7.2406,4.30214,8.51731,-6.70571,-0.57823,7.75181,-7.09488,2.08301,9.41583,-7.60325,1.32992,8.64447,-6.63903,2.0306,8.37253,-6.92512,1.58802,8.82182,-7.02305,2.75347,9.17875
61,-6.81847,2.16024,8.65525,-7.89305,1.95971,7.76041,-7.79047,1.25147,8.74654,-7.03234,0.08437,7.4439,-7.22708,-0.60088,8.0852,-6.66644,-0.31212,7.51888,-7.14282,0.51578,6.09123,-7.68803,-0.5245,7.0409,-8.09768,-1.4078,7.94409,-7.54686,0.41719,7.0897,-7.1102,4.58416,7.75368,-6.32141,4.79668,5.35773,-7.25959,-1.03327,7.48451,-7.49483,1.16425,7.56982,-8.84382,2.88666,7.92963,-7.71379,5.20057,8.1654,-7.11049,0.68644,8.00442,-7.25994,-0.06283,7.73707,-7.50768,0.54305,7.3352,-7.82639,1.89098,7.59279,-7.7709,1.4886,7.05327,-7.99397,1.55719,6.20953,-7.56306,2.30202,7.77308,-6.85767,3.55718,7.31911,-6.92042,1.73207,7.51707,-6.65055,4.84147,6.52691,-6.76047,3.18546,7.23613,-7.88296,-0.65017,6.38358,-8.03031,1.10043,8.58115,-7.38518,4.10187,8.2794,-6.76157,-0.69935,7.46116,-7.20428,1.93286,9.18606,-7.75134,1.15533,8.38302,-6.80122,1.92838,8.20838,-7.0658,1.41863,8.59973,-7.24822,2.56977,8.94123
62,-6.71597,2.11292,8.62638,-7.84898,1.95533,7.67233,-7.83232,1.28636,8.60897,-6.90356,0.06201,7.40045,-7.24772,-0.52765,7.92211,-6.58882,-0.31245,7.39106,-7.09675,0.33755,6.00137,-7.66755,-0.50088,6.96325,-8.02718,-1.39025,7.81239,-7.56483,0.34791,6.91289,-7.08238,4.58379,7.58893,-6.26803,4.74652,5.25736,-7.30609,-1.05806,7.20951,-7.52267,1.02274,7.37045,-8.83178,2.80264,7.73235,-7.74693,5.11513,7.97556,-7.12506,0.57807,7.79179,-7.2966,-0.11977,7.53079,-7.43212,0.44977,7.21006,-7.78192,1.89815,7.41325,-7.74712,1.38947,6.92535,-8.01117,1.45749,6.0386,-7.60004,2.22194,7.61128,-6.88979,3.40996,7.12528,-6.9067,1.61225,7.39044,-6.6394,4.70096,6.35254,-6.738,3.06592,7.14258,-7.86122,-0.71602,6.21809,-8.13626,1.029,8.33655,-7.48156,3.90531,8.06473,-6.74915,-0.80444,7.22499,-7.25718,1.81416,8.97156,-7.85129,1.00766,8.15287,-6.90861,1.83435,8.04516,-7.17484,1.26872,8.3848,-7.43702,2.39437,8.68812
63,-6.58732,2.10432,8.64931,-7.73737,1.98643,7.627,-7.82715,1.34779,8.50734,-6.74211,0.0654,7.38733,-7.23779,-0.42968,7.78442,-6.47351,-0.28267,7.30382,-7.01208,0.1871,5.98358,-7.59115,-0.44491,6.94129,-7.90139,-1.33079,7.73356,-7.53116,0.31136,6.80254,-7.00577,4.59385,7.45876,-6.16734,4.71295,5.19326,-7.31276,-1.06585,6.97908,-7.4976,0.90435,7.21459,-8.76387,2.76638,7.58508,-7.72135,5.0543,7.81934,-7.10143,0.49999,7.63493,-7.2863,-0.1287,7.38713,-7.30974,0.40676,7.14976,-7.66977,1.93489,7.28226,-7.65458,1.33131,6.84266,-7.96936,1.37886,5.91743,-7.5662,2.16743,7.48839,-6.88268,3.27797,6.96082,-6.83938,1.53922,7.32406,-6.58047,4.5826,6.23217,-6.67327,2.97955,7.10476,-7.77917,-0.74318,6.09554,-8.1894,0.99169,8.14042,-7.52613,3.72365,7.8903,-6.6653,-0.88536,7.05939,-7.25046,1.73441,8.78783,-7.8951,0.89636,7.96862,-6.95435,1.74418,7.89714,-7.24813,1.13801,8.19211,-7.57757,2.22482,8.43577
64,-6.44111,2.13086,8.71621,-7.56353,2.05867,7.62891,-7.7775,1.43355,8.44309,-6.55351,0.09808,7.40018,-7.19727,-0.30939,7.67547,-6.32692,-0.22341,7.25401,-6.89247,0.0713,6.02721,-7.45997,-0.35299,6.97311,-7.72412,-1.22727,7.70949,-7.44496,0.31372,6.76513,-6.88192,4.61532,7.36353,-6.02493,4.69819,5.1637,-7.27469,-1.05633,6.8089,-7.41939,0.81392,7.1136,-8.63996,2.78281,7.48945,-7.63593,5.02684,7.70296,-7.03714,0.45951,7.54362,-7.22463,-0.08403,7.31494,-7.14704,0.41721,7.1577,-7.4947,2.00369,7.1974,-7.49476,1.31991,6.81111,-7.87057,1.33088,5.84508,-7.46168,2.14633,7.40945,-6.83492,3.16379,6.83276,-6.72024,1.5144,7.31314,-6.47276,4.49472,6.1692,-6.56831,2.93015,7.11679,-7.63824,-0.72538,6.02133,-8.18426,0.99627,8.00766,-7.51667,3.56808,7.76847,-6.51145,-0.93364,6.97002,-7.18354,1.6998,8.64705,-7.8769,0.82949,7.83892,-6.93661,1.65955,7.77914,-7.2815,1.02788,8.03508,-7.65802,2.06412,8.20354
65,-6.28469,2.18507,8.81364,-7.33642,2.17363,7.67563,-7.68742,1.54005,8.41387,-6.34368,0.16226,7.43251,-7.12689,-0.16865,7.59566,-6.15661,-0.13742,7.23456,-6.74479,-0.00611,6.11387,-7.27938,-0.22454,7.04924,-7.50271,-1.08168,7.73403,-7.30867,0.35895,6.79688,-6.71502,4.64923,7.29938,-5.84879,4.70335,5.16327,-7.18797,-1.02648,6.70721,-7.28992,0.75527,7.0715,-8.46285,2.85224,7.43968,-7.49158,5.03944,7.6268,-6.93058,0.46124,7.51839,-7.10974,0.01569,7.31256,-6.95138,0.47941,7.2267,-7.26713,2.10453,7.15068,-7.2745,1.3575,6.82981,-7.7205,1.32144,5.81399,-7.29178,2.16387,7.37301,-6.74673,3.06845,6.74308,-6.55495,1.53301,7.34509,-6.31776,4.44321,6.15908,-6.42771,2.91801,7.165,-7.4433,-0.6586,5.99399,-8.11723,1.04779,7.94446,-7.45324,3.44799,7.7045,-6.29459,-0.94296,6.95092,-7.05858,1.71352,8.55548,-7.79516,0.81193,7.76471,-6.85841,1.58717,7.70345,-7.27121,0.94076,7.92334,-7.66824,1.91965,8.01057
66,-6.12352,2.25695,8.92492,-7.06838,2.32782,7.75775,-7.56237,1.66222,8.41407,-6.11864,0.2584,7.47662,-7.02793,-0.00896,7.54226,-5.97049,-0.0293,7.2358,-6.57846,-0.04464,6.2208,-7.05915,-0.06271,7.15351,-7.2478,-0.90025,7.79387,-7.12855,0.44805,6.88381,-6.51175,4.69593,7.2585,-5.64864,4.72794,5.18386,-7.05077,-0.97236,6.67247,-7.1144,0.72982,7.08379,-8.23856,2.97032,7.42372,-7.29282,5.09496,7.58508,-6.78231,0.50639,7.55008,-6.94381,0.16705,7.36794,-6.73087,0.58723,7.34027,-7.00205,2.23475,7.1301,-7.00563,1.44183,6.89068,-7.52854,1.35517,5.81091,-7.06719,2.22123,7.37126,-6.62126,2.99113,6.68875,-6.35291,1.5861,7.40203,-6.12032,4.43037,6.18984,-6.25878,2.93965,7.23048,-7.20265,-0.5427,6.00469,-7.98815,1.14694,7.94677,-7.33991,3.36958,7.6952,-6.0275,-0.91075,6.9861,-6.88136,1.77466,8.51224,-7.65399,0.84455,7.73896,-6.72727,1.53607,7.67648,-7.21491,0.87909,7.8608,-7.60191,1.80088,7.87167
67,-5.96048,2.3358,9.03337,-6.77405,2.51316,7.86037,-7.40846,1.79392,8.43519,-5.88398,0.38484,7.52466,-6.90205,0.168,7.50961,-5.77593,0.0947,7.24698,-6.40355,-0.04691,6.32497,-6.81231,0.12593,7.26599,-6.9722,-0.69245,7.87106,-6.91434,0.57832,7.00411,-6.28033,4.7546,7.2307,-5.43508,4.76976,5.21584,-6.86497,-0.89054,6.69341,-6.90194,0.73654,7.13792,-7.97565,3.12902,7.4257,-7.04835,5.19197,7.56702,-6.59638,0.59223,7.62171,-6.73344,0.36221,7.46071,-6.49447,0.73053,7.47563,-6.71699,2.38947,7.12203,-6.70335,1.56657,6.97967,-7.30671,1.43264,5.81948,-6.80324,2.31485,7.39154,-6.46525,2.92943,6.66262,-6.12606,1.66211,7.46447,-5.88925,4.45447,6.2444,-6.07029,2.98839,7.29306,-6.92766,-0.38216,6.03903,-7.80188,1.28946,8.00071,-7.18501,3.33522,7.72959,-5.72767,-0.83883,7.05325,-6.66138,1.87794,8.5089,-7.46323,0.92432,7.74785,-6.55429,1.51521,7.69696,-7.11283,0.8447,7.84489,-7.45927,1.71655,7.79407
68,-5.79545,2.41181,9.12487,-6.46857,2.71773,7.96608,-7.2321,1.92821,8.46714,-5.64487,0.53783,7.56956,-6.75134,0.36013,7.48995,-5.57885,0.22733,7.25812,-6.2284,-0.01786,6.40691,-6.55269,0.3321,7.36666,-6.68918,-0.46976,7.94648,-6.67814,0.74364,7.13197,-6.02964,4.82324,7.205,-5.21823,4.82534,5.24965,-6.63713,-0.77935,6.75085,-6.66464,0.77179,7.21545,-7.68407,3.31752,7.42892,-6.77054,5.32476,7.55946,-6.38026,0.71271,7.71152,-6.48915,0.5902,7.5663,-6.25103,0.89707,7.60799,-6.42926,2.56205,7.11364,-6.38403,1.72205,7.0796,-7.06777,1.55021,5.82355,-6.51746,2.43742,7.41904,-6.28856,2.87983,6.65483,-5.88632,1.74916,7.51486,-5.63631,4.51003,6.30361,-5.87035,3.05544,7.33511,-6.63171,-0.18623,6.07992,-7.56847,1.46666,8.08537,-7.00052,3.34364,7.79115,-5.41458,-0.73321,7.12859,-6.41109,2.01433,8.53127,-7.23656,1.04502,7.77383,-6.35323,1.53085,7.75547,-6.96834,0.83829,7.86669,-7.24868,1.6726,7.77566
69,-5.62561,2.47751,9.18973,-6.16503,2.9279,8.05843,-7.03923,2.058,8.49962,-5.4056,0.71187,7.60578,-6.57818,0.56468,7.47468,-5.38329,0.36117,7.26121,-6.05723,0.03609,6.45364,-6.29216,0.54533,7.43933,-6.41016,-0.24412,8.00318,-6.43225,0.93496,7.24267,-5.768,4.89885,7.17152,-5.00687,4.89019,5.27704,-6.3784,-0.63944,6.82175,-6.41584,0.82968,7.29535,-7.37371,3.52351,7.41873,-6.47368,5.48404,7.54968,-6.1441,0.85934,7.79712,-6.22349,0.83833,7.66057,-6.00802,1.07365,7.71538,-6.15332,2.7449,7.0948,-6.06243,1.89647,7.17341,-6.82322,1.70057,5.81029,-6.22645,2.57931,7.43971,-6.10241,2.83868,6.65466,-5.64322,1.83652,7.54039,-5.3745,4.58848,6.35017,-5.6644,3.1315,7.34481,-6.3284,0.03162,6.11143,-7.30179,1.66661,8.17688,-6.8,3.39048,7.86111,-5.10618,-0.60293,7.19145,-6.14429,2.17205,8.56183,-6.98842,1.19852,7.79908,-6.13874,1.58542,7.83635,-6.78799,0.85951,7.91228,-6.98675,1.67051,7.80543
70,-5.44625,2.52861,9.22323,-5.87237,3.13039,8.12528,-6.83485,2.17669,8.52301,-5.16971,0.90018,7.62969,-6.38519,0.77846,7.45567,-5.1911,0.48928,7.25119,-5.88921,0.10818,6.45989,-6.03812,0.7554,7.47418,-6.14313,-0.02637,8.02913,-6.18703,1.14152,7.31694,-5.50253,4.97808,7.12296,-4.80736,4.95944,5.29207,-6.10301,-0.47377,6.88384,-6.1673,0.90302,7.35831,-7.05322,3.73438,7.3847,-6.17159,5.65829,7.52787,-5.89874,1.0225,7.85935,-5.94902,1.0937,7.72402,-5.76979,1.24785,7.78234,-5.8989,2.93021,7.05927,-5.74962,2.07742,7.24697,-6.58153,1.87348,5.77256,-5.94287,2.73011,7.44285,-5.91704,2.80308,6.65222,-5.40229,1.91615,7.53449,-5.11569,4.6798,6.37131,-5.45394,3.20804,7.31757,-6.02957,0.25532,6.12178,-7.01692,1.87589,8.25281,-6.59582,3.46886,7.92215,-4.8154,-0.45873,7.22749,-5.87379,2.33796,8.58359,-6.73067,1.37587,7.80913,-5.92463,1.67685,7.92124,-6.58074,0.9067,7.96512,-6.69571,1.70726,7.86631
71,-5.25242,2.56413,9.22538,-5.59475,3.31425,8.16034,-6.62272,2.27869,8.52983,-4.94011,1.09521,7.63963,-6.17525,0.99771,7.4264,-5.00221,0.60605,7.22608,-5.71906,0.19219,6.42762,-5.7927,0.95401,7.46906,-5.89159,0.17476,8.01819,-5.94949,1.35192,7.34414,-5.23845,5.05794,7.05547,-4.62355,5.028,5.29167,-5.82582,-0.2874,6.9198,-5.9273,0.98345,7.39026,-6.72932,3.93857,7.32159,-5.8753,5.8352,7.48849,-5.65348,1.19267,7.88532,-5.67597,1.34449,7.74477,-5.53663,1.4097,7.802,-5.67022,3.11068,7.00504,-5.45188,2.25319,7.29121,-6.34762,2.05664,5.70931,-5.67373,2.87998,7.42261,-5.73937,2.77176,6.63988,-5.16499,1.98317,7.49668,-4.86881,4.77418,6.36099,-5.23711,3.27837,7.25578,-5.74352,0.46875,6.10501,-6.72691,2.08138,8.29549,-6.39671,3.56991,7.96121,-4.54839,-0.3111,7.22991,-5.6091,2.49935,8.58316,-6.47035,1.56832,7.79503,-5.72174,1.79879,7.99312,-6.35663,0.97711,8.00894,-6.3995,1.77585,7.93928
72,-5.04089,2.58568,9.19969,-5.33207,3.47252,8.16345,-6.40524,2.35986,8.51517,-4.71903,1.28957,7.63581,-5.95141,1.21844,7.38276,-4.81529,0.70779,7.18699,-5.53943,0.28298,6.3644,-5.55369,1.13545,7.42848,-5.65503,0.35342,7.9702,-5.72279,1.55529,7.32315,-4.97902,5.13633,6.96885,-4.45666,5.0914,5.27576,-5.5593,-0.08638,6.92008,-5.6998,1.06292,7.3845,-6.40696,4.12646,7.22939,-5.59177,6.00318,7.43044,-5.41437,1.36163,7.86981,-5.41121,1.58112,7.71943,-5.30496,1.55204,7.77577,-5.46629,3.28025,6.93355,-5.1706,2.41416,7.30253,-6.12305,2.23718,5.62492,-5.42006,3.02081,7.37778,-5.57183,2.74524,6.61326,-4.93038,2.03586,7.43161,-4.63883,4.86324,6.3197,-5.01049,3.33805,7.16696,-5.4742,0.658,6.06109,-6.44037,2.27182,8.29425,-6.20619,3.68374,7.9708,-4.30462,-0.16863,7.19902,-5.35502,2.64518,8.55312,-6.20972,1.76782,7.75394,-5.53619,1.94186,8.03972,-6.12507,1.06667,8.031,-6.11896,1.86634,8.00762
73,-4.81191,2.59672,9.15219,-5.08196,3.60278,8.13922,-6.18379,2.41792,8.47707,-4.50845,1.47637,7.62017,-5.71693,1.43679,7.32342,-4.62848,0.79287,7.13722,-5.34388,0.37653,6.28087,-5.31653,1.2973,7.36188,-5.43011,0.50693,7.88974,-5.50642,1.74272,7.26124,-4.72595,5.2125,6.86603,-4.30585,5.14574,5.24676,-5.31124,0.1233,6.8834,-5.48473,1.13439,7.3418,-6.08983,4.29144,7.11205,-5.32362,6.15302,7.35628,-5.18351,1.52329,7.81492,-5.15747,1.79719,7.65226,-5.06856,1.67182,7.71174,-5.28236,3.4346,6.84887,-4.9038,2.55372,7.28225,-5.90696,2.40323,5.52701,-5.17828,3.14722,7.3109,-5.41291,2.72572,6.57113,-4.69727,2.07503,7.34712,-4.42717,4.94129,6.25349,-4.77188,3.38512,7.06142,-5.22146,0.81382,5.99442,-6.16065,2.43948,8.24584,-6.0226,3.8001,7.9491,-4.07863,-0.03648,7.14077,-5.11179,2.7678,8.49234,-5.94769,1.96744,7.68814,-5.36858,2.09498,8.055,-5.89369,1.17019,8.02419,-5.86802,1.9674,8.05982
74,-4.57014,2.60148,9.09014,-4.84174,3.70734,8.09521,-5.9592,2.45236,8.4166,-4.31028,1.64973,7.59572,-5.47529,1.64927,7.24984,-4.44045,0.86189,7.08175,-5.12948,0.46986,6.18831,-5.07699,1.44003,7.28097,-5.21252,0.63584,7.78479,-5.29759,1.90818,7.17126,-4.48003,5.28711,6.75245,-4.16903,5.18813,5.20911,-5.08366,0.33711,6.81539,-5.27884,1.19302,7.26867,-5.78123,4.43007,6.97626,-5.0701,6.27922,7.27103,-4.95953,1.67388,7.72862,-4.91437,1.98986,7.55311,-4.82119,1.76934,7.62201,-5.11168,3.57155,6.75646,-4.64799,2.66867,7.23534,-5.69739,2.54581,5.42424,-4.94284,3.25733,7.22676,-5.25863,2.71651,6.51522,-4.46634,2.10276,7.2526,-4.23297,5.00535,6.17174,-4.52259,3.41946,6.94981,-4.98268,0.93214,5.91209,-5.88675,2.58073,8.15378,-5.84062,3.90958,7.89871,-3.86306,0.08423,7.06453,-4.87642,2.8632,8.40524,-5.68275,2.1611,7.60291,-5.21434,2.2471,8.03894,-5.66766,1.28153,7.98776,-5.65177,2.06771,8.09032
75,-4.32421,2.60443,9.02154,-4.61003,3.79238,8.04035,-5.7325,2.46441,8.33737,-4.12656,1.80524,7.56621,-5.23038,1.85281,7.16583,-4.25122,0.91716,7.02633,-4.89831,0.56044,6.09668,-4.833,1.56649,7.1973,-4.99871,0.74353,7.66544,-5.09242,2.04928,7.06818,-4.24195,5.36176,6.6347,-4.04346,5.21653,5.1684,-4.87358,0.55273,6.72642,-5.07747,1.23673,7.17517,-5.48477,4.54174,6.8301,-4.82886,6.38035,7.18093,-4.73931,1.81192,7.62227,-4.6799,2.15959,7.43486,-4.55938,1.8477,7.52047,-4.94739,3.69115,6.6623,-4.40026,2.75916,7.16905,-5.49276,2.6601,5.32444,-4.70845,3.35327,7.13141,-5.10486,2.72099,6.44947,-4.24086,2.12177,7.15766,-4.05453,5.0554,6.08515,-4.26877,3.44199,6.84144,-4.75464,1.0143,5.82232,-5.61596,2.69623,8.02715,-5.65382,4.00441,7.82534,-3.65149,0.19594,6.98122,-4.6453,2.93136,8.2999,-5.41535,2.34397,7.50464,-5.06551,2.38888,7.99612,-5.44982,1.39403,7.92644,-5.4668,2.15745,8.099
76,-4.08524,2.60963,8.95458,-4.3878,3.86638,7.98355,-5.50551,2.45683,8.24499,-3.95976,1.93974,7.53563,-4.98667,2.04495,7.07709,-4.06252,0.96226,6.9767,-4.65756,0.64601,6.0136,-4.58597,1.68082,7.1206,-4.7874,0.83528,7.54264,-4.88798,2.16685,6.96611,-4.01309,5.43848,6.5198,-3.9266,5.22994,5.13057,-4.67522,0.77025,6.62868,-4.87632,1.26593,7.07263,-5.2049,4.62783,6.68219,-4.59759,6.45897,7.09232,-4.52,1.93741,7.50816,-4.45215,2.30945,7.31117,-4.28493,1.91146,7.42098,-4.78408,3.79531,6.5721,-4.15961,2.82813,7.09177,-5.29323,2.74573,5.23345,-4.47259,3.44058,7.03144,-4.94911,2.74165,6.37946,-4.02637,2.13482,7.07104,-3.8909,5.09339,6.00392,-4.0208,3.45386,6.74339,-4.53546,1.06556,5.73321,-5.3464,2.79019,7.87886,-5.45738,4.07915,7.73629,-3.44053,0.30329,6.9012,-4.41653,2.9756,8.18609,-5.14954,2.51253,7.39945,-4.91349,2.51409,7.93369,-5.24088,1.50152,7.84809,-5.30366,2.22951,8.08908
77,-3.86523,2.62008,8.89705,-4.17854,3.93836,7.93303,-5.28124,2.43325,8.14647,-3.81257,2.05167,7.50766,-4.74919,2.22377,6.99041,-3.87798,1.00132,6.93823,-4.41829,0.72429,5.94417,-4.34106,1.78734,7.05768,-4.58057,0.91696,7.42723,-4.68366,2.26403,6.87636,-3.79611,5.51892,6.41418,-3.81658,5.22814,5.10118,-4.48282,0.99136,6.5342,-4.67321,1.2832,6.97213,-4.9471,4.69065,6.54119,-4.37567,6.5204,7.01115,-4.30073,2.05102,7.39767,-4.23125,2.44377,7.19477,-4.00589,1.96504,7.33614,-4.61878,3.88718,6.49076,-3.9279,2.88011,7.01217,-5.10137,2.80599,5.15532,-4.23674,3.52716,6.93358,-4.79154,2.77958,6.3115,-3.82937,2.14484,7.00041,-3.74231,5.12249,5.93662,-3.7913,3.45605,6.66064,-4.32556,1.09399,5.65222,-5.07922,2.86873,7.72389,-5.25005,4.13135,7.63958,-3.23095,0.41145,6.83337,-4.19153,3.00161,8.07387,-4.89288,2.66453,7.29313,-4.75187,2.61997,7.85972,-5.04055,1.59921,7.76157,-5.15071,2.27972,8.06558
78,-3.67505,2.63746,8.85546,-3.98765,4.01596,7.89563,-5.06418,2.39796,8.04937,-3.68797,2.14071,7.4852,-4.5238,2.38811,6.91309,-3.70274,1.03837,6.91533,-4.19336,0.79301,5.89171,-4.10684,1.88927,7.01289,-4.38341,0.99372,7.32934,-4.48205,2.34498,6.80656,-3.59483,5.60364,6.32306,-3.71233,5.21173,5.08475,-4.29302,1.21805,6.45326,-4.46908,1.29193,6.88354,-4.71769,4.7327,6.41544,-4.16487,6.57159,6.94247,-4.08386,2.15312,7.29988,-4.01974,2.56715,7.09651,-3.73517,2.01193,7.27622,-4.4515,3.97005,6.42213,-3.7098,2.92028,6.93877,-4.92208,2.84629,5.09271,-4.00667,3.62109,6.8442,-4.63489,2.83388,6.25204,-3.6564,2.15435,6.95195,-3.61058,5.1458,5.88951,-3.59233,3.44931,6.59622,-4.12771,1.10874,5.58573,-4.81907,2.93866,7.57714,-5.03493,4.16113,7.54312,-3.02732,0.52427,6.78429,-3.97537,3.01639,7.97259,-4.65509,2.79884,7.19119,-4.57832,2.70744,7.78213,-4.84835,1.68409,7.67486,-4.99795,2.30718,8.03391
79,-3.52312,2.6618,8.83414,-3.82152,4.10424,7.87627,-4.85999,2.35533,7.96101,-3.58885,2.20778,7.47004,-4.31677,2.53744,6.85206,-3.54275,1.07685,6.91133,-3.99532,0.84986,5.85849,-3.89391,1.98793,6.98853,-4.20356,1.06902,7.25744,-4.28867,2.41349,6.76103,-3.41411,5.69181,6.25007,-3.61368,5.18178,5.08436,-4.10646,1.45123,6.39338,-4.26811,1.29567,6.81506,-4.52311,4.75623,6.31241,-3.96961,6.6191,6.89028,-3.87486,2.24346,7.2211,-3.82269,2.68363,7.02452,-3.48776,2.05421,7.24806,-4.28494,4.04658,6.36895,-3.51209,2.95341,6.87963,-4.76172,2.87263,5.04755,-3.79163,3.72868,6.76917,-4.48393,2.90187,6.20686,-3.51305,2.16522,6.9301,-3.49847,5.16523,5.86631,-3.43293,3.43457,6.55173,-3.94651,1.1186,5.53907,-4.57364,3.00597,7.45196,-4.81915,4.17103,7.45423,-2.83718,0.64316,6.75829,-3.77598,3.02688,7.89015,-4.44617,2.91494,7.09967,-4.39542,2.78,7.70778,-4.66487,1.75507,7.59438,-4.83996,2.31312,7.99921
80,-3.41442,2.69183,8.83459,-3.68585,4.20529,7.8776,-4.67512,2.30938,7.88776,-3.51783,2.25487,7.4626,-4.13464,2.67189,6.81341,-3.40392,1.11933,6.92823,-3.83468,0.89277,5.84622,-3.71352,2.08239,6.98573,-4.04939,1.14444,7.21778,-4.11075,2.47239,6.74138,-3.25894,5.78109,6.19694,-3.52113,5.14011,5.10126,-3.92744,1.68982,6.35925,-4.07707,1.29733,6.77292,-4.36886,4.76312,6.2383,-3.79609,6.66803,6.85727,-3.68123,2.32087,7.16524,-3.64645,2.79622,6.9842,-3.27702,2.09319,7.25476,-4.12382,4.11832,6.33304,-3.34255,2.98291,6.84179,-4.62669,2.89026,5.02153,-3.60247,3.85306,6.71346,-4.34424,2.97922,6.18026,-3.40345,2.17813,6.9373,-3.40897,5.18092,5.86795,-3.31769,3.41318,6.5273,-3.78694,1.1313,5.51637,-4.35207,3.07483,7.35868,-4.61236,4.16519,7.37936,-2.66921,0.76643,6.75755,-3.60248,3.03873,7.83257,-4.2744,3.01283,7.02497,-4.2097,2.84241,7.64237,-4.49204,1.8126,7.52482,-4.67685,2.30022,7.96629
81,-3.3502,2.72544,8.85507,-3.58427,4.31854,7.89973,-4.51595,2.26384,7.83449,-3.47674,2.28499,7.46174,-3.9834,2.79246,6.80157,-3.29123,1.16747,6.96671,-3.71861,0.92017,5.85622,-3.57567,2.16976,7.00504,-3.92814,1.22019,7.21377,-3.95567,2.52283,6.7471,-3.13381,5.86813,6.16331,-3.43564,5.08874,5.13477,-3.76277,1.93034,6.35261,-3.90402,1.29852,6.76122,-4.25858,4.7553,6.19753,-3.65073,6.72145,6.84483,-3.51101,2.3841,7.13424,-3.49734,2.9069,6.97806,-3.11246,2.12937,7.29572,-3.97413,4.18555,6.31557,-3.20817,3.01065,6.83037,-4.52241,2.9028,5.01584,-3.44938,3.99363,6.68079,-4.22101,3.061,6.17453,-3.32988,2.19266,6.97359,-3.3444,5.19129,5.89283,-3.24676,3.38703,6.52143,-3.65327,1.15266,5.52027,-4.1633,3.14731,7.30416,-4.42494,4.1485,7.32384,-2.5317,0.88967,6.78243,-3.46307,3.05583,7.80344,-4.1449,3.09293,6.9737,-4.03011,2.89931,7.59039,-4.33319,1.85792,7.46958,-4.5137,2.27182,7.93945
82,-3.32787,2.7606,8.89104,-3.51743,4.44178,7.94017,-4.38813,2.22183,7.80382,-3.46659,2.30194,7.4651,-3.86798,2.9011,6.81887,-3.20812,1.22202,7.02594,-3.65065,0.93129,5.88897,-3.48775,2.24587,7.04634,-3.84446,1.29594,7.24545,-3.82947,2.56478,6.77628,-3.04189,5.94909,6.14664,-3.35847,5.03026,5.18233,-3.61959,2.16756,6.37285,-3.75697,1.29971,6.78198,-4.19325,4.73464,6.19203,-3.53849,6.7804,6.85268,-3.37123,2.43189,7.12864,-3.38042,3.01661,7.00596,-2.9985,2.1632,7.36706,-3.84209,4.24746,6.31748,-3.11372,3.03692,6.84763,-4.45238,2.91229,5.03103,-3.33948,4.14665,6.67282,-4.11832,3.1422,6.18953,-3.29203,2.208,7.03636,-3.30575,5.19353,5.93688,-3.21678,3.35838,6.53078,-3.5479,1.18676,5.55144,-4.01418,3.22329,7.29143,-4.26625,4.12621,7.29142,-2.43046,1.00703,6.83142,-3.3633,3.08026,7.80383,-4.059,3.15615,6.95153,-3.86559,2.9539,7.55506,-4.19218,1.89274,7.43111,-4.35842,2.23119,7.92265
83,-3.34158,2.796,8.93603,-3.48272,4.57223,7.99429,-4.29566,2.18602,7.79591,-3.48704,2.31036,7.46919,-3.79153,3.00066,6.86514,-3.15605,1.28314,7.10362,-3.63066,0.92668,5.9437,-3.45323,2.30642,7.10837,-3.7999,1.37162,7.30964,-3.73598,2.59729,6.82546,-2.98436,6.02058,6.1425,-3.29095,4.96747,5.2397,-3.5037,2.3952,6.41728,-3.64255,1.30061,6.83485,-4.17087,4.70326,6.22095,-3.46175,6.84418,6.87904,-3.26698,2.46353,7.14771,-3.29856,3.12584,7.06512,-2.93484,2.195,7.46223,-3.7334,4.30281,6.33932,-3.06061,3.06071,6.89205,-4.41769,2.91956,5.06637,-3.27528,4.3064,6.68872,-4.03832,3.21896,6.22273,-3.28725,2.22374,7.12035,-3.29247,5.1845,5.99415,-3.22238,3.32962,6.55017,-3.47114,1.23565,5.60791,-3.90849,3.30087,7.31984,-4.14306,4.10301,7.28403,-2.36789,1.11266,6.90085,-3.30481,3.11238,7.83206,-4.01443,3.20384,6.9623,-3.72328,3.00764,7.53821,-4.07262,1.91876,7.41113,-4.21951,2.18156,7.91941
84,-3.38338,2.83184,8.98247,-3.47513,4.70748,8.056,-4.24037,2.15877,7.80821,-3.53668,2.31544,7.47,-3.75488,3.09495,6.93756,-3.13455,1.35062,7.19599,-3.65525,0.90831,6.01779,-3.4711,2.34833,7.18806,-3.79299,1.44805,7.39982,-3.67654,2.61941,6.88968,-2.96038,6.08019,6.14465,-3.23449,4.90344,5.30128,-3.41851,2.6073,6.48136,-3.56505,1.30069,6.91724,-4.18677,4.66362,6.28018,-3.41976,6.91131,6.92046,-3.20102,2.47901,7.18916,-3.25235,3.23488,7.15044,-2.91731,2.22556,7.57255,-3.65239,4.35066,6.38112,-3.04668,3.08076,6.95803,-4.41689,2.92506,5.11959,-3.25451,4.46672,6.72464,-3.98117,3.28889,6.26925,-3.31027,2.2406,7.21777,-3.30272,5.16173,6.0572,-3.25778,3.30316,6.57275,-3.42119,1.2999,5.68478,-3.84636,3.37717,7.38539,-4.05878,4.08333,7.30141,-2.34257,1.20222,6.98484,-3.28493,3.15209,7.88381,-4.00612,3.23786,7.0068,-3.60745,3.06031,7.54035,-3.97711,1.93767,7.41071,-4.10388,2.12609,7.93263
85,-3.44424,2.86988,9.02298,-3.48833,4.84631,8.11889,-4.22171,2.14219,7.83573,-3.61268,2.32288,7.46337,-3.75632,3.18839,7.03085,-3.14135,1.42402,7.29788,-3.71864,0.87968,6.10668,-3.53562,2.37086,7.27971,-3.82011,1.52713,7.50652,-3.6504,2.63056,6.96238,-2.96705,6.1272,6.14596,-3.19062,4.84115,5.36058,-3.36492,2.79914,6.55895,-3.52594,1.30004,7.0243,-4.23412,4.6184,6.36232,-3.40904,6.98014,6.9719,-3.17391,2.47918,7.24897,-3.2404,3.3442,7.25481,-2.93953,2.25582,7.68769,-3.60135,4.39131,6.44161,-3.06662,3.09615,7.0362,-4.4464,2.9295,5.18674,-3.2708,4.62228,6.77383,-3.94532,3.35155,6.32282,-3.3542,2.2607,7.31913,-3.33392,5.12403,6.11813,-3.31787,3.28139,6.59055,-3.39488,1.37895,5.77423,-3.82472,3.44904,7.48106,-4.01345,4.07065,7.34074,-2.35025,1.27363,7.07582,-3.29745,3.19893,7.95247,-4.02743,3.26019,7.08192,-3.51941,3.11056,7.56042,-3.9067,1.95105,7.42977,-4.01568,2.06858,7.96416
86,-3.51547,2.91327,9.05116,-3.51629,4.98868,8.17713,-4.23652,2.13828,7.87136,-3.71119,2.33853,7.44574,-3.79162,3.28564,7.13758,-3.17283,1.50299,7.40311,-3.81327,0.84577,6.20409,-3.6364,2.37648,7.37459,-3.87616,1.61176,7.6179,-3.65536,2.63128,7.03538,-2.99977,6.16279,6.13906,-3.16074,4.78365,5.41091,-3.3418,2.9678,6.6425,-3.52377,1.29976,7.14907,-4.30485,4.57061,6.45701,-3.42432,7.0494,7.02728,-3.18439,2.46596,7.3211,-3.26001,3.4545,7.36928,-2.99426,2.28705,7.7965,-3.58028,4.42659,6.51791,-3.11315,3.10709,7.11475,-4.50076,2.93453,5.26252,-3.31534,4.76955,6.82746,-3.92823,3.40812,6.37611,-3.41164,2.28698,7.41427,-3.38353,5.07195,6.16959,-3.39872,3.2668,6.59565,-3.38839,1.47135,5.86637,-3.83825,3.51395,7.59728,-4.00421,4.06799,7.3966,-2.3855,1.32704,7.16568,-3.33381,3.25309,8.02969,-4.07129,3.27303,7.1802,-3.4581,3.15682,7.59578,-3.86105,1.96044,7.46696,-3.95604,2.01324,8.0141
87,-3.58943,2.96567,9.06239,-3.55438,5.13565,8.22649,-4.27953,2.1489,7.9066,-3.82748,2.36814,7.4146,-3.85452,3.39142,7.249,-3.22454,1.58725,7.50493,-3.93056,0.81253,6.30264,-3.75945,2.37129,7.46156,-3.95534,1.7054,7.72062,-3.68845,2.62318,7.09956,-3.05281,6.18987,6.11735,-3.14639,4.73385,5.44576,-3.34685,3.11241,6.72347,-3.55421,1.30228,7.2827,-4.39055,4.52348,6.55155,-3.4597,7.11861,7.07979,-3.22969,2.44255,7.39764,-3.3077,3.56658,7.48398,-3.07451,2.32053,7.88805,-3.58708,4.45961,6.60519,-3.1784,3.11525,7.18132,-4.57336,2.9429,5.34082,-3.37876,4.90728,6.87598,-3.92702,3.46106,6.42184,-3.47587,2.32281,7.49368,-3.44948,5.00791,6.20554,-3.49745,3.26239,6.58145,-3.39805,1.57518,5.95062,-3.8804,3.57063,7.72264,-4.02617,4.07749,7.46114,-2.44326,1.3647,7.24694,-3.38489,3.31554,8.10631,-4.1314,3.27882,7.29023,-3.4213,3.19793,7.64237,-3.83879,1.96761,7.5191,-3.92384,1.96518,8.08041
88,-3.66027,3.03066,9.05403,-3.60013,5.28867,8.26474,-4.34388,2.17579,7.93253,-3.95626,2.41705,7.36882,-3.9373,3.50983,7.35604,-3.29149,1.67674,7.5964,-4.06152,0.78645,6.3949,-3.88937,2.36409,7.52886,-4.05153,1.81159,7.80118,-3.74629,2.60902,7.14573,-3.11982,6.2129,6.07609,-3.14888,4.69424,5.45985,-3.37732,3.23344,6.79323,-3.6107,1.31083,7.41497,-4.48322,4.48039,6.63221,-3.50962,7.18813,7.12268,-3.30591,2.41355,7.46922,-3.37954,3.68083,7.5887,-3.17398,2.35785,7.95278,-3.61778,4.49399,6.69711,-3.25509,3.12355,7.22495,-4.65738,2.95838,5.4154,-3.45244,5.03631,6.91048,-3.93926,3.51323,6.4536,-3.5418,2.37081,7.54993,-3.53029,4.93588,6.22238,-3.61146,3.27156,6.54409,-3.42075,1.68856,6.01758,-3.94416,3.61954,7.84447,-4.07343,4.10062,7.52485,-2.51952,1.39026,7.31392,-3.44285,3.38782,8.17346,-4.20254,3.28066,7.39774,-3.4068,3.23373,7.69498,-3.83801,1.97459,7.58124,-3.9168,1.92966,8.15823
89,-3.72392,3.11107,9.0255,-3.65277,5.44906,8.29134,-4.42187,2.22041,7.94078,-4.09212,2.48985,7.3089,-4.03174,3.64423,7.45023,-3.3687,1.77162,7.6714,-4.19729,0.77385,6.47439,-4.01243,2.36516,7.56711,-4.15867,1.93329,7.84774,-3.82528,2.59269,7.16584,-3.19435,6.23719,6.01302,-3.16932,4.66709,5.44934,-3.43054,3.33227,6.84399,-3.68512,1.32911,7.53532,-4.57578,4.44483,6.68586,-3.56962,7.2591,7.15011,-3.40819,2.38505,7.52601,-3.47119,3.79719,7.67416,-3.28711,2.40042,7.98404,-3.66741,4.53298,6.78625,-3.33725,3.13611,7.238,-4.74622,2.98533,5.48071,-3.52921,5.15927,6.92428,-3.96325,3.56765,6.46672,-3.60622,2.43283,7.57854,-3.62487,4.86092,6.21923,-3.7377,3.29783,6.48365,-3.4537,1.80981,6.06054,-4.02221,3.66315,7.94977,-4.13996,4.13803,7.57739,-2.61073,1.4087,7.36309,-3.50237,3.47158,8.22409,-4.28082,3.2823,7.48768,-3.41299,3.26538,7.74796,-3.85671,1.98388,7.64673,-3.93253,1.91192,8.24029
90,-3.7778,3.20832,8.97783,-3.71242,5.61759,8.30689,-4.50577,2.28383,7.92478,-4.22985,2.58996,7.23679,-4.12986,3.79674,7.52496,-3.45136,1.8724,7.72495,-4.32972,0.78012,6.53679,-4.11901,2.38443,7.57175,-4.27066,2.07251,7.85175,-3.92126,2.57861,7.15428,-3.27048,6.26829,5.92874,-3.20828,4.6542,5.4126,-3.50376,3.41062,6.87026,-3.76875,1.36068,7.6339,-4.66232,4.42043,6.70208,-3.63644,7.33318,7.15795,-3.53069,2.36443,7.55896,-3.5778,3.91476,7.73319,-3.40864,2.44984,7.97875,-3.73028,4.57884,6.86529,-3.42053,3.1575,7.21744,-4.83431,3.02812,5.53253,-3.60358,5.27962,6.91388,-3.99801,3.62682,6.45882,-3.66749,2.50939,7.57861,-3.73189,4.78851,6.19783,-3.87168,3.34446,6.40471,-3.49416,1.93752,6.07693,-4.107,3.70569,8.02645,-4.22008,4.18954,7.60943,-2.71294,1.42587,7.39329,-3.56096,3.56815,8.2537,-4.36322,3.28824,7.54663,-3.43893,3.29543,7.79591,-3.8929,1.99865,7.70788,-3.96893,1.91673,8.31739
91,-3.82061,3.32242,8.91339,-3.77887,5.79429,8.31221,-4.58859,2.36651,7.88027,-4.36491,2.71965,7.15574,-4.2248,3.96828,7.57598,-3.53501,1.97977,7.75404,-4.45189,0.80946,6.58028,-4.20473,2.43027,7.54424,-4.3816,2.23016,7.80959,-4.02926,2.57173,7.10885,-3.34309,6.31123,5.82663,-3.26554,4.65712,5.35028,-3.59392,3.47061,6.86981,-3.85352,1.40837,7.70338,-4.73839,4.41071,6.67501,-3.70768,7.41219,7.14438,-3.66673,2.35979,7.5612,-3.69373,4.03204,7.76191,-3.53321,2.50798,7.93831,-3.80057,4.6327,6.92784,-3.50166,3.19233,7.16513,-4.91724,3.09056,5.56839,-3.67145,5.40125,6.87947,-4.04286,3.69259,6.4304,-3.72481,2.6002,7.55263,-3.84897,4.72439,6.16209,-4.00739,3.41375,6.31567,-3.53853,2.07118,6.06837,-4.19076,3.75266,8.06488,-4.30872,4.25424,7.61408,-2.82108,1.44813,7.40568,-3.61843,3.67813,8.2609,-4.44698,3.30337,7.56519,-3.48384,3.32768,7.83459,-3.94437,2.02257,7.75681,-4.02421,1.9481,8.37954
92,-3.85203,3.4519,8.83535,-3.85118,5.97849,8.30819,-4.66463,2.46816,7.80635,-4.4936,2.87961,7.06965,-4.31133,4.15862,7.60185,-3.61578,2.09479,7.7577,-4.55845,0.86454,6.60571,-4.26952,2.5086,7.49129,-4.48623,2.40604,7.72321,-4.14331,2.57725,7.0311,-3.40823,6.36989,5.71209,-3.33995,4.67677,5.26524,-3.69713,3.51497,6.84423,-3.93268,1.47411,7.73987,-4.80104,4.41914,6.60462,-3.78139,7.49809,7.11025,-3.80886,2.37959,7.52932,-3.81259,4.14729,7.76005,-3.65546,2.57643,7.86827,-3.87286,4.69468,6.96956,-3.57817,3.24494,7.08718,-4.99205,3.17538,5.58761,-3.7302,5.52735,6.82471,-4.09702,3.76618,6.38456,-3.77774,2.70434,7.50605,-3.97225,4.67379,6.11733,-4.13783,3.50653,6.22726,-3.58226,2.21076,6.04022,-4.26612,3.80976,8.05971,-4.4015,4.33036,7.58831,-2.92898,1.48154,7.40344,-3.67559,3.80138,8.24722,-4.52914,3.33248,7.53985,-3.54632,3.36691,7.86124,-4.00861,2.05969,7.78637,-4.09655,2.00903,8.41763
93,-3.87287,3.59413,8.74717,-3.92736,6.16898,8.29555,-4.72986,2.58761,7.7052,-4.61324,3.06922,6.98256,-4.38621,4.36649,7.60385,-3.69045,2.21875,7.73719,-4.64603,0.94665,6.61607,-4.31587,2.62281,7.42277,-4.58034,2.59895,7.60005,-4.25678,2.60021,6.92628,-3.46345,6.44643,5.59179,-3.42922,4.71371,5.16233,-3.80835,3.54728,6.79879,-4.00131,1.55868,7.74369,-4.84897,4.44876,6.4971,-3.85559,7.59255,7.05923,-3.94945,2.43149,7.46409,-3.92763,4.25901,7.73107,-3.7701,2.65711,7.77739,-3.94261,4.7643,6.98861,-3.64798,3.31878,6.9927,-5.05714,3.28413,5.59094,-3.77853,5.66056,6.75574,-4.15902,3.84825,6.32657,-3.82581,2.82066,7.44611,-4.09609,4.6416,6.0689,-4.25619,3.62176,6.15036,-3.62013,2.35663,6.00036,-4.32694,3.88195,8.01121,-4.49451,4.41558,7.53353,-3.03039,1.53158,7.39133,-3.73325,3.93726,8.21664,-4.60639,3.37967,7.47337,-3.6236,3.41816,7.87484,-4.08242,2.11389,7.79143,-4.18332,2.10174,8.42488
94,-3.88524,3.74573,8.65215,-4.00505,6.36421,8.27524,-4.78198,2.72259,7.58195,-4.72208,3.28619,6.89796,-4.44816,4.58974,7.58573,-3.75657,2.35284,7.69562,-4.71349,1.05582,6.61556,-4.34742,2.77376,7.34939,-4.6616,2.80659,7.45177,-4.36299,2.64529,6.80226,-3.50767,6.54093,5.47227,-3.52992,4.76808,5.04747,-3.92169,3.57197,6.74133,-4.05632,1.66185,7.71913,-4.88256,4.50205,6.36385,-3.92807,7.6969,6.99697,-4.08134,2.52185,7.37055,-4.03248,4.36637,7.68124,-3.87286,2.75145,7.67627,-4.00662,4.84092,6.9857,-3.70942,3.41645,6.89186,-5.11214,3.41707,5.58039,-3.81686,5.80233,6.6801,-4.22649,3.93897,6.26284,-3.86868,2.94841,7.38051,-4.21331,4.63193,6.02116,-4.35738,3.75642,6.09375,-3.64732,2.50928,5.95759,-4.36904,3.97248,7.92536,-4.58436,4.50711,7.4556,-3.12006,1.60283,7.37484,-3.79169,4.08479,8.17462,-4.67548,3.44819,7.37382,-3.71127,3.48619,7.87583,-4.16215,2.18857,7.76943,-4.28112,2.22719,8.39815
95,-3.89222,3.90303,8.55303,-4.08203,6.56262,8.24875,-4.82017,2.86983,7.44381,-4.81908,3.52677,6.81824,-4.49776,4.8254,7.55251,-3.81241,2.49814,7.63733,-4.76186,1.19106,6.60887,-4.36807,2.95966,7.28071,-4.72945,3.02562,7.2922,-4.45617,2.71638,6.66823,-3.54118,6.6514,5.35893,-3.63756,4.83942,4.92718,-4.03101,3.59435,6.68087,-4.09655,1.78237,7.67347,-4.90372,4.5804,6.21941,-3.99669,7.81175,6.93042,-4.19904,2.65451,7.25743,-4.12225,4.46944,7.61839,-3.9612,2.86064,7.57545,-4.0633,4.92409,6.96354,-3.76163,3.53944,6.79399,-5.1577,3.57342,5.55851,-3.84717,5.95344,6.60495,-4.29647,4.03803,6.19975,-3.90648,3.08716,7.3159,-4.31632,4.64814,5.9765,-4.43895,3.90566,6.06237,-3.6607,2.66891,5.92039,-4.39082,4.08253,7.81295,-4.66807,4.6021,7.36372,-3.19458,1.69915,7.35899,-3.8507,4.24274,8.12742,-4.73392,3.54014,7.25252,-3.80371,3.57471,7.86578,-4.24353,2.28615,7.721,-4.38539,2.38545,8.33874
96,-3.89723,4.0628,8.45137,-4.15673,6.76263,8.21794,-4.84475,3.02505,7.29882,-4.90337,3.78576,6.74429,-4.53682,5.06996,7.50986,-3.8569,2.65499,7.56729,-4.79389,1.35064,6.60012,-4.38187,3.17639,7.22393,-4.78498,3.25152,7.13482,-4.53223,2.816,6.533,-3.56542,6.77361,5.25514,-3.74688,4.92654,4.80744,-4.13085,3.62019,6.62595,-4.12272,1.91806,7.61569,-4.91564,4.68373,6.07867,-4.05952,7.93711,6.86637,-4.29949,2.83063,7.13571,-4.19441,4.56925,7.55037,-4.03466,2.98552,7.48379,-4.11268,5.01366,6.92585,-3.80464,3.68766,6.70611,-5.19502,3.7514,5.52827,-3.87259,6.11387,6.53587,-4.36582,4.14488,6.14243,-3.94012,3.23726,7.25671,-4.39835,4.69224,5.93492,-4.50134,4.0635,6.05625,-3.65962,2.83525,5.89532,-4.39356,4.21089,7.6875,-4.74318,4.69775,7.26864,-3.25264,1.82401,7.34718,-3.90997,4.40974,8.08115,-4.78067,3.65678,7.12139,-3.89489,3.68614,7.84692,-4.32228,2.40781,7.64983,-4.49127,2.57526,8.25217
97,-3.90321,4.22229,8.34723,-4.2282,6.9626,8.18466,-4.85666,3.18301,7.15457,-4.97393,4.05639,6.67544,-4.56781,5.31914,7.46301,-3.88936,2.82264,7.48996,-4.81306,1.53217,6.59199,-4.39254,3.41715,7.18283,-4.82997,3.47839,6.99042,-4.58915,2.94495,6.40384,-3.5823,6.90179,5.16161,-3.85221,5.0275,4.69297,-4.21716,3.65515,6.58295,-4.13689,2.06633,7.55464,-4.92199,4.80999,5.95401,-4.11522,8.07213,6.81007,-4.38252,3.048,7.01682,-4.24892,4.66783,7.48369,-4.0947,3.12621,7.40691,-4.15586,5.10966,6.87641,-3.83937,3.85962,6.63195,-5.2255,3.9483,5.49231,-3.89649,6.28333,6.47572,-4.43188,4.25854,6.0938,-3.97103,3.3995,7.20404,-4.45537,4.76448,5.89475,-4.54689,4.22423,6.07052,-3.64591,3.00762,5.88626,-4.38082,4.35436,7.5626,-4.80781,4.79159,7.18056,-3.29475,1.98043,7.34067,-3.96925,4.58422,8.04082,-4.81629,3.79857,6.99049,-3.97921,3.82129,7.82178,-4.39448,2.5534,7.56194,-4.59383,2.79385,8.14738
98,-3.91135,4.37952,8.23895,-4.29544,7.1604,8.1497,-4.85684,3.33795,7.01709,-5.02912,4.33063,6.60944,-4.59294,5.56803,7.4159,-3.90928,2.99892,7.40888,-4.82227,1.73258,6.58513,-4.40244,3.67297,7.15704,-4.86555,3.69874,6.86526,-4.62692,3.10173,6.2852,-3.59381,7.02887,5.07639,-3.94794,5.13936,4.58682,-4.28734,3.7041,6.55478,-4.14198,2.22386,7.49753,-4.92594,4.95468,5.85325,-4.16283,8.21473,6.76416,-4.45034,3.30148,6.91078,-4.28778,4.76778,7.42218,-4.14358,3.28201,7.34661,-4.19431,5.21175,6.81782,-3.86709,4.05223,6.57146,-5.25013,4.16041,5.45267,-3.92138,6.46091,6.42405,-4.49247,4.37784,6.0539,-4.00059,3.57518,7.15551,-4.48719,4.86286,5.85349,-4.57842,4.38356,6.09631,-3.62308,3.18508,5.89368,-4.35721,4.50843,7.44917,-4.8604,4.88196,7.10687,-3.32258,2.17066,7.33851,-4.02839,4.76418,8.00952,-4.84257,3.9652,6.86648,-4.05252,3.97954,7.7931,-4.45691,2.72118,7.46491,-4.68856,3.03665,8.03499
99,-3.92043,4.53278,8.12325,-4.35646,7.35292,8.11199,-4.84598,3.48378,6.88985,-5.06642,4.59937,6.54273,-4.61357,5.81104,7.37074,-3.91607,3.18008,7.32582,-4.82257,1.94777,6.57781,-4.41157,3.93258,7.14195,-4.891,3.90335,6.76012,-4.64656,3.28217,6.17838,-3.60146,7.147,4.99502,-4.02911,5.2582,4.48984,-4.33996,3.77036,6.54021,-4.14085,2.38703,7.44878,-4.92886,5.11098,5.77826,-4.20111,8.36198,6.72777,-4.50633,3.58319,6.82419,-4.31389,4.87179,7.36629,-4.18298,3.45082,7.30053,-4.22893,5.31881,6.7508,-3.88853,4.26071,6.5213,-5.26897,4.38277,5.41022,-3.94776,6.64533,6.37736,-4.5459,4.50103,6.01994,-4.02886,3.76515,7.10546,-4.49737,4.98311,5.80893,-4.59804,4.53922,6.12265,-3.59506,3.36664,5.91491,-4.32703,4.6676,7.35322,-4.89956,4.96808,7.0505,-3.33843,2.39525,7.33799,-4.08621,4.94699,7.98773,-4.86138,4.15514,6.75173,-4.11214,4.15877,7.76337,-4.50723,2.90783,7.36645,-4.77138,3.29674,7.92514
100,-3.92646,4.6799,7.99591,-4.4073,7.5353,8.06805,-4.82418,3.61452,6.77336,-5.08272,4.85292,6.47117,-4.62961,6.042,7.32763,-3.90889,3.36079,7.24082,-4.81282,2.17227,6.56611,-4.41721,4.18289,7.12919,-4.90329,4.08145,6.67072,-4.6496,3.47932,6.08179,-3.60589,7.24849,4.91128,-4.09172,5.37906,4.40097,-4.37366,3.85545,6.53377,-4.13509,2.55185,7.40923,-4.92963,5.26968,5.7251,-4.22788,8.50978,6.69657,-4.55336,3.88332,6.75925,-4.32951,4.98198,7.31293,-4.21268,3.62909,7.26269,-4.25928,5.42837,6.67399,-3.90323,4.47863,6.47548,-5.28046,4.60904,5.3643,-3.97342,6.83443,6.32964,-4.59016,4.62625,5.98632,-4.05387,3.96935,7.0462,-4.49152,5.11895,5.75914,-4.6064,4.69076,6.13879,-3.5649,3.55082,5.94453,-4.29285,4.82625,7.27497,-4.92368,5.05024,7.00922,-3.34385,2.65208,7.3353,-4.13988,5.129,7.97283,-4.87339,4.36513,6.64476,-4.15653,4.35574,7.73463,-4.54367,3.10842,7.27326,-4.83792,3.56481,7.82527
101,-3.92325,4.81756,7.85247,-4.44212,7.70087,8.01186,-4.79083,3.72494,6.66535,-5.07465,5.08198,6.39055,-4.63929,6.25442,7.28486,-3.88695,3.53456,7.15226,-4.78977,2.39909,6.54423,-4.41429,4.40974,7.10776,-4.89731,4.22161,6.58842,-4.63717,3.68351,5.99135,-3.60669,7.32618,4.818,-4.13328,5.49659,4.31754,-4.38665,3.95849,6.52692,-4.12437,2.71362,7.37607,-4.92415,5.42009,5.68473,-4.23958,8.65305,6.66318,-4.59248,4.1905,6.71341,-4.33525,5.09886,7.25591,-4.23,3.81099,7.2243,-4.28329,5.53637,6.58451,-3.90927,4.69785,6.42662,-5.28164,4.83115,5.31242,-3.99331,7.02457,6.27337,-4.62244,4.75102,5.94562,-4.07136,4.18564,6.96959,-4.47489,5.26322,5.70196,-4.60267,4.83794,6.13592,-3.53398,3.73542,5.97543,-4.255,4.97844,7.20901,-4.93086,5.12962,6.97606,-3.3388,2.93519,7.32598,-4.18424,5.30537,7.95918,-4.87731,4.58927,6.54111,-4.18431,4.56618,7.70796,-4.56444,3.31649,7.18954,-4.88328,3.82903,7.7384